tic,toc,msg,callback_msg,cdm_name,package_version
515284.7,515363.1,atlas_asthma_no_copd,atlas_asthma_no_copd: 78.4 sec elapsed,OHDSI snowflake,0.2.2
515363.1,515436.5,atlas_beta_blockers_hypertension,atlas_beta_blockers_hypertension: 73.4 sec elapsed,OHDSI snowflake,0.2.2
515436.5,515494.17,atlas_covid,atlas_covid: 57.67 sec elapsed,OHDSI snowflake,0.2.2
515494.17,515549.2,atlas_covid_female,atlas_covid_female: 55.03 sec elapsed,OHDSI snowflake,0.2.2
515549.2,515604.93,atlas_covid_female_0_to_50,atlas_covid_female_0_to_50: 55.73 sec elapsed,OHDSI snowflake,0.2.2
515604.93,515666.7,atlas_covid_female_51_to_150,atlas_covid_female_51_to_150: 61.77 sec elapsed,OHDSI snowflake,0.2.2
515666.7,515719.85,atlas_covid_male,atlas_covid_male: 53.15 sec elapsed,OHDSI snowflake,0.2.2
515719.85,515775.12,atlas_covid_male_0_to_50,atlas_covid_male_0_to_50: 55.27 sec elapsed,OHDSI snowflake,0.2.2
515775.12,515832.07,atlas_covid_male_51_to_150,atlas_covid_male_51_to_150: 56.95 sec elapsed,OHDSI snowflake,0.2.2
515832.07,515904.21,atlas_endometriosis_procedure,atlas_endometriosis_procedure: 72.14 sec elapsed,OHDSI snowflake,0.2.2
515904.21,515965.2,atlas_hospitalisation,atlas_hospitalisation: 60.99 sec elapsed,OHDSI snowflake,0.2.2
515965.2,516068.35,atlas_major_non_cardiac_surgery,atlas_major_non_cardiac_surgery: 103.15 sec elapsed,OHDSI snowflake,0.2.2
516068.35,516141.7,atlas_neutropenia_leukopenia,atlas_neutropenia_leukopenia: 73.35 sec elapsed,OHDSI snowflake,0.2.2
516141.7,516213.92,atlas_new_fluoroquinolone,atlas_new_fluoroquinolone: 72.22 sec elapsed,OHDSI snowflake,0.2.2
516213.92,516306.9,atlas_transverse_myelitis,atlas_transverse_myelitis: 92.98 sec elapsed,OHDSI snowflake,0.2.2
