tic,toc,msg,callback_msg,cdm_name,package_version
516306.93,517222.56,cc_asthma_no_copd,cc_asthma_no_copd: 915.63 sec elapsed,OHDSI snowflake,0.2.2
517222.56,518117.35,cc_beta_blockers_hypertension,cc_beta_blockers_hypertension: 894.79 sec elapsed,OHDSI snowflake,0.2.2
518117.35,518569.5,cc_covid,cc_covid: 452.15 sec elapsed,OHDSI snowflake,0.2.2
518569.5,519337.04,cc_endometriosis_procedure,cc_endometriosis_procedure: 767.54 sec elapsed,OHDSI snowflake,0.2.2
519337.04,519671.64,cc_hospitalisation,cc_hospitalisation: 334.6 sec elapsed,OHDSI snowflake,0.2.2
519671.64,520234.59,cc_major_non_cardiac_surgery,cc_major_non_cardiac_surgery: 562.95 sec elapsed,OHDSI snowflake,0.2.2
520234.59,521044.84,cc_neutropenia_leukopenia,cc_neutropenia_leukopenia: 810.25 sec elapsed,OHDSI snowflake,0.2.2
521044.84,521616.87,cc_new_fluoroquinolone,cc_new_fluoroquinolone: 572.03 sec elapsed,OHDSI snowflake,0.2.2
521616.87,522218.45,cc_transverse_myelitis,cc_transverse_myelitis: 601.58 sec elapsed,OHDSI snowflake,0.2.2
522218.46,522348.89,cc_covid_female,cc_covid_female: 130.43 sec elapsed,OHDSI snowflake,0.2.2
522348.89,522466.96,cc_covid_male,cc_covid_male: 118.07 sec elapsed,OHDSI snowflake,0.2.2
522466.96,522693.25,cc_covid_female_0_to_50,cc_covid_female_0_to_50: 226.29 sec elapsed,OHDSI snowflake,0.2.2
522693.25,522921.43,cc_covid_female_51_to_150,cc_covid_female_51_to_150: 228.18 sec elapsed,OHDSI snowflake,0.2.2
522921.43,523137.01,cc_covid_male_0_to_50,cc_covid_male_0_to_50: 215.58 sec elapsed,OHDSI snowflake,0.2.2
523137.01,523356.48,cc_covid_male_51_to_150,cc_covid_male_51_to_150: 219.47 sec elapsed,OHDSI snowflake,0.2.2
