tic,toc,msg,callback_msg,cdm_name,package_version
13133.300000000001,13397.293,atlas_asthma_no_copd,atlas_asthma_no_copd: 263.993 sec elapsed,CORIVA-Estonia,0.2.2
13397.294,13457.342,atlas_beta_blockers_hypertension,atlas_beta_blockers_hypertension: 60.048 sec elapsed,CORIVA-Estonia,0.2.2
13457.342,13535.569,atlas_covid_female_0_to_50,atlas_covid_female_0_to_50: 78.227 sec elapsed,CORIVA-Estonia,0.2.2
13535.57,13585.701000000001,atlas_covid_female_51_to_150,atlas_covid_female_51_to_150: 50.131 sec elapsed,CORIVA-Estonia,0.2.2
13585.702000000001,13630.046,atlas_covid_female,atlas_covid_female: 44.344 sec elapsed,CORIVA-Estonia,0.2.2
13630.047,13674.578,atlas_covid_male_0_to_50,atlas_covid_male_0_to_50: 44.531 sec elapsed,CORIVA-Estonia,0.2.2
13674.579,13715.77,atlas_covid_male_51_to_150,atlas_covid_male_51_to_150: 41.191 sec elapsed,CORIVA-Estonia,0.2.2
13715.77,13749.122,atlas_covid_male,atlas_covid_male: 33.352 sec elapsed,CORIVA-Estonia,0.2.2
13749.123,13790.506,atlas_covid,atlas_covid: 41.383 sec elapsed,CORIVA-Estonia,0.2.2
13790.506,13804.906,atlas_endometriosis_procedure,atlas_endometriosis_procedure: 14.4 sec elapsed,CORIVA-Estonia,0.2.2
13804.906,13847.884,atlas_hospitalisation,atlas_hospitalisation: 42.978 sec elapsed,CORIVA-Estonia,0.2.2
13847.884,13910.891,atlas_major_non_cardiac_surgery,atlas_major_non_cardiac_surgery: 63.007 sec elapsed,CORIVA-Estonia,0.2.2
13910.891,13937.148000000001,atlas_neutropenia_leukopenia,atlas_neutropenia_leukopenia: 26.257 sec elapsed,CORIVA-Estonia,0.2.2
13937.148000000001,13989.475,atlas_new_fluoroquinolone,atlas_new_fluoroquinolone: 52.327 sec elapsed,CORIVA-Estonia,0.2.2
13989.475,13995.856,atlas_transverse_myelitis,atlas_transverse_myelitis: 6.381 sec elapsed,CORIVA-Estonia,0.2.2
