tic,toc,msg,callback_msg,cdm_name,package_version
13996.005000000001,14113.881,cc_asthma_no_copd,cc_asthma_no_copd: 117.876 sec elapsed,CORIVA-Estonia,0.2.2
14113.881,14324.849,cc_beta_blockers_hypertension,cc_beta_blockers_hypertension: 210.968 sec elapsed,CORIVA-Estonia,0.2.2
14324.849,14429.509,cc_covid,cc_covid: 104.66 sec elapsed,CORIVA-Estonia,0.2.2
14429.509,14471.146,cc_endometriosis_procedure,cc_endometriosis_procedure: 41.637 sec elapsed,CORIVA-Estonia,0.2.2
14471.146,14515.427,cc_hospitalisation,cc_hospitalisation: 44.281 sec elapsed,CORIVA-Estonia,0.2.2
14515.428,14538.164,cc_major_non_cardiac_surgery,cc_major_non_cardiac_surgery: 22.736 sec elapsed,CORIVA-Estonia,0.2.2
14538.164,14626.723,cc_neutropenia_leukopenia,cc_neutropenia_leukopenia: 88.559 sec elapsed,CORIVA-Estonia,0.2.2
14626.723,14657.595000000001,cc_new_fluoroquinolone,cc_new_fluoroquinolone: 30.872 sec elapsed,CORIVA-Estonia,0.2.2
14657.595000000001,14688.626,cc_transverse_myelitis,cc_transverse_myelitis: 31.031 sec elapsed,CORIVA-Estonia,0.2.2
14688.628,14700.964,cc_covid_female,cc_covid_female: 12.336 sec elapsed,CORIVA-Estonia,0.2.2
14700.964,14713.577000000001,cc_covid_male,cc_covid_male: 12.613 sec elapsed,CORIVA-Estonia,0.2.2
14713.577000000001,14736.885,cc_covid_female_0_to_50,cc_covid_female_0_to_50: 23.308 sec elapsed,CORIVA-Estonia,0.2.2
14736.885,14758.542,cc_covid_female_51_to_150,cc_covid_female_51_to_150: 21.657 sec elapsed,CORIVA-Estonia,0.2.2
14758.542,14781.052,cc_covid_male_0_to_50,cc_covid_male_0_to_50: 22.51 sec elapsed,CORIVA-Estonia,0.2.2
14781.052,14801.463,cc_covid_male_51_to_150,cc_covid_male_51_to_150: 20.411 sec elapsed,CORIVA-Estonia,0.2.2
