"result_id","cdm_name","group_name","group_level","strata_name","strata_level","variable_name","variable_level","estimate_name","estimate_type","estimate_value","additional_name","additional_level"
1,"CORIVA-Estonia","cohort_name","essential_hypertension","overall","overall","number_records",NA,"count","integer","936405","overall","overall"
1,"CORIVA-Estonia","cohort_name","essential_hypertension","overall","overall","number_subjects",NA,"count","integer","82221","overall","overall"
2,"CORIVA-Estonia","cohort_name","howoften_beta_blockers","overall","overall","number_records",NA,"count","integer","560608","overall","overall"
2,"CORIVA-Estonia","cohort_name","howoften_beta_blockers","overall","overall","number_subjects",NA,"count","integer","81424","overall","overall"
3,"CORIVA-Estonia","cohort_name","major_non_cardiac_surgery","overall","overall","number_records",NA,"count","integer","4860","overall","overall"
3,"CORIVA-Estonia","cohort_name","major_non_cardiac_surgery","overall","overall","number_subjects",NA,"count","integer","4498","overall","overall"
4,"CORIVA-Estonia","cohort_name","neutrophil_absolute_count","overall","overall","number_records",NA,"count","integer","1922768","overall","overall"
4,"CORIVA-Estonia","cohort_name","neutrophil_absolute_count","overall","overall","number_subjects",NA,"count","integer","305315","overall","overall"
5,"CORIVA-Estonia","cohort_name","essential_hypertension","reason","Initial qualifying events","number_records",NA,"count","integer","2499821","reason_id","1"
5,"CORIVA-Estonia","cohort_name","essential_hypertension","reason","Initial qualifying events","number_subjects",NA,"count","integer","82232","reason_id","1"
5,"CORIVA-Estonia","cohort_name","essential_hypertension","reason","Initial qualifying events","excluded_records",NA,"count","integer","0","reason_id","1"
5,"CORIVA-Estonia","cohort_name","essential_hypertension","reason","Initial qualifying events","excluded_subjects",NA,"count","integer","0","reason_id","1"
5,"CORIVA-Estonia","cohort_name","essential_hypertension","reason","cohort requirements","number_records",NA,"count","integer","2499650","reason_id","2"
5,"CORIVA-Estonia","cohort_name","essential_hypertension","reason","cohort requirements","number_subjects",NA,"count","integer","82221","reason_id","2"
5,"CORIVA-Estonia","cohort_name","essential_hypertension","reason","cohort requirements","excluded_records",NA,"count","integer","171","reason_id","2"
5,"CORIVA-Estonia","cohort_name","essential_hypertension","reason","cohort requirements","excluded_subjects",NA,"count","integer","11","reason_id","2"
5,"CORIVA-Estonia","cohort_name","essential_hypertension","reason","Overlapping records collapsed","number_records",NA,"count","integer","936405","reason_id","3"
5,"CORIVA-Estonia","cohort_name","essential_hypertension","reason","Overlapping records collapsed","number_subjects",NA,"count","integer","82221","reason_id","3"
5,"CORIVA-Estonia","cohort_name","essential_hypertension","reason","Overlapping records collapsed","excluded_records",NA,"count","integer","1563245","reason_id","3"
5,"CORIVA-Estonia","cohort_name","essential_hypertension","reason","Overlapping records collapsed","excluded_subjects",NA,"count","integer","0","reason_id","3"
6,"CORIVA-Estonia","cohort_name","howoften_beta_blockers","reason","Initial qualifying events","number_records",NA,"count","integer","1916122","reason_id","1"
6,"CORIVA-Estonia","cohort_name","howoften_beta_blockers","reason","Initial qualifying events","number_subjects",NA,"count","integer","81424","reason_id","1"
6,"CORIVA-Estonia","cohort_name","howoften_beta_blockers","reason","Initial qualifying events","excluded_records",NA,"count","integer","0","reason_id","1"
6,"CORIVA-Estonia","cohort_name","howoften_beta_blockers","reason","Initial qualifying events","excluded_subjects",NA,"count","integer","0","reason_id","1"
6,"CORIVA-Estonia","cohort_name","howoften_beta_blockers","reason","cohort requirements","number_records",NA,"count","integer","1916118","reason_id","2"
6,"CORIVA-Estonia","cohort_name","howoften_beta_blockers","reason","cohort requirements","number_subjects",NA,"count","integer","81424","reason_id","2"
6,"CORIVA-Estonia","cohort_name","howoften_beta_blockers","reason","cohort requirements","excluded_records",NA,"count","integer",NA,"reason_id","2"
6,"CORIVA-Estonia","cohort_name","howoften_beta_blockers","reason","cohort requirements","excluded_subjects",NA,"count","integer","0","reason_id","2"
6,"CORIVA-Estonia","cohort_name","howoften_beta_blockers","reason","Overlapping records collapsed","number_records",NA,"count","integer","560608","reason_id","3"
6,"CORIVA-Estonia","cohort_name","howoften_beta_blockers","reason","Overlapping records collapsed","number_subjects",NA,"count","integer","81424","reason_id","3"
6,"CORIVA-Estonia","cohort_name","howoften_beta_blockers","reason","Overlapping records collapsed","excluded_records",NA,"count","integer","1355510","reason_id","3"
6,"CORIVA-Estonia","cohort_name","howoften_beta_blockers","reason","Overlapping records collapsed","excluded_subjects",NA,"count","integer","0","reason_id","3"
7,"CORIVA-Estonia","cohort_name","major_non_cardiac_surgery","reason","Initial qualifying events","number_records",NA,"count","integer","6531","reason_id","1"
7,"CORIVA-Estonia","cohort_name","major_non_cardiac_surgery","reason","Initial qualifying events","number_subjects",NA,"count","integer","4498","reason_id","1"
7,"CORIVA-Estonia","cohort_name","major_non_cardiac_surgery","reason","Initial qualifying events","excluded_records",NA,"count","integer","0","reason_id","1"
7,"CORIVA-Estonia","cohort_name","major_non_cardiac_surgery","reason","Initial qualifying events","excluded_subjects",NA,"count","integer","0","reason_id","1"
7,"CORIVA-Estonia","cohort_name","major_non_cardiac_surgery","reason","cohort requirements","number_records",NA,"count","integer","6531","reason_id","2"
7,"CORIVA-Estonia","cohort_name","major_non_cardiac_surgery","reason","cohort requirements","number_subjects",NA,"count","integer","4498","reason_id","2"
7,"CORIVA-Estonia","cohort_name","major_non_cardiac_surgery","reason","cohort requirements","excluded_records",NA,"count","integer","0","reason_id","2"
7,"CORIVA-Estonia","cohort_name","major_non_cardiac_surgery","reason","cohort requirements","excluded_subjects",NA,"count","integer","0","reason_id","2"
7,"CORIVA-Estonia","cohort_name","major_non_cardiac_surgery","reason","Overlapping records collapsed","number_records",NA,"count","integer","4860","reason_id","3"
7,"CORIVA-Estonia","cohort_name","major_non_cardiac_surgery","reason","Overlapping records collapsed","number_subjects",NA,"count","integer","4498","reason_id","3"
7,"CORIVA-Estonia","cohort_name","major_non_cardiac_surgery","reason","Overlapping records collapsed","excluded_records",NA,"count","integer","1671","reason_id","3"
7,"CORIVA-Estonia","cohort_name","major_non_cardiac_surgery","reason","Overlapping records collapsed","excluded_subjects",NA,"count","integer","0","reason_id","3"
8,"CORIVA-Estonia","cohort_name","neutrophil_absolute_count","reason","Initial qualifying events","number_records",NA,"count","integer","1945568","reason_id","1"
8,"CORIVA-Estonia","cohort_name","neutrophil_absolute_count","reason","Initial qualifying events","number_subjects",NA,"count","integer","305315","reason_id","1"
8,"CORIVA-Estonia","cohort_name","neutrophil_absolute_count","reason","Initial qualifying events","excluded_records",NA,"count","integer","0","reason_id","1"
8,"CORIVA-Estonia","cohort_name","neutrophil_absolute_count","reason","Initial qualifying events","excluded_subjects",NA,"count","integer","0","reason_id","1"
8,"CORIVA-Estonia","cohort_name","neutrophil_absolute_count","reason","cohort requirements","number_records",NA,"count","integer","1945560","reason_id","2"
8,"CORIVA-Estonia","cohort_name","neutrophil_absolute_count","reason","cohort requirements","number_subjects",NA,"count","integer","305315","reason_id","2"
8,"CORIVA-Estonia","cohort_name","neutrophil_absolute_count","reason","cohort requirements","excluded_records",NA,"count","integer","8","reason_id","2"
8,"CORIVA-Estonia","cohort_name","neutrophil_absolute_count","reason","cohort requirements","excluded_subjects",NA,"count","integer","0","reason_id","2"
8,"CORIVA-Estonia","cohort_name","neutrophil_absolute_count","reason","Overlapping records collapsed","number_records",NA,"count","integer","1922768","reason_id","3"
8,"CORIVA-Estonia","cohort_name","neutrophil_absolute_count","reason","Overlapping records collapsed","number_subjects",NA,"count","integer","305315","reason_id","3"
8,"CORIVA-Estonia","cohort_name","neutrophil_absolute_count","reason","Overlapping records collapsed","excluded_records",NA,"count","integer","22792","reason_id","3"
8,"CORIVA-Estonia","cohort_name","neutrophil_absolute_count","reason","Overlapping records collapsed","excluded_subjects",NA,"count","integer","0","reason_id","3"
9,"CORIVA-Estonia","cohort_name","essential_hypertension","overall","overall","number_records",NA,"count","integer","936405","overall","overall"
9,"CORIVA-Estonia","cohort_name","essential_hypertension","overall","overall","number_subjects",NA,"count","integer","82221","overall","overall"
10,"CORIVA-Estonia","cohort_name","howoften_beta_blockers","overall","overall","number_records",NA,"count","integer","560608","overall","overall"
10,"CORIVA-Estonia","cohort_name","howoften_beta_blockers","overall","overall","number_subjects",NA,"count","integer","81424","overall","overall"
11,"CORIVA-Estonia","cohort_name","major_non_cardiac_surgery","overall","overall","number_records",NA,"count","integer","4860","overall","overall"
11,"CORIVA-Estonia","cohort_name","major_non_cardiac_surgery","overall","overall","number_subjects",NA,"count","integer","4498","overall","overall"
12,"CORIVA-Estonia","cohort_name","neutrophil_absolute_count","overall","overall","number_records",NA,"count","integer","1922768","overall","overall"
12,"CORIVA-Estonia","cohort_name","neutrophil_absolute_count","overall","overall","number_subjects",NA,"count","integer","305315","overall","overall"
13,"CORIVA-Estonia","cohort_name","essential_hypertension","reason","Initial qualifying events","number_records",NA,"count","integer","2499821","reason_id","1"
13,"CORIVA-Estonia","cohort_name","essential_hypertension","reason","Initial qualifying events","number_subjects",NA,"count","integer","82232","reason_id","1"
13,"CORIVA-Estonia","cohort_name","essential_hypertension","reason","Initial qualifying events","excluded_records",NA,"count","integer","0","reason_id","1"
13,"CORIVA-Estonia","cohort_name","essential_hypertension","reason","Initial qualifying events","excluded_subjects",NA,"count","integer","0","reason_id","1"
13,"CORIVA-Estonia","cohort_name","essential_hypertension","reason","cohort requirements","number_records",NA,"count","integer","2499650","reason_id","2"
13,"CORIVA-Estonia","cohort_name","essential_hypertension","reason","cohort requirements","number_subjects",NA,"count","integer","82221","reason_id","2"
13,"CORIVA-Estonia","cohort_name","essential_hypertension","reason","cohort requirements","excluded_records",NA,"count","integer","171","reason_id","2"
13,"CORIVA-Estonia","cohort_name","essential_hypertension","reason","cohort requirements","excluded_subjects",NA,"count","integer","11","reason_id","2"
13,"CORIVA-Estonia","cohort_name","essential_hypertension","reason","Overlapping records collapsed","number_records",NA,"count","integer","936405","reason_id","3"
13,"CORIVA-Estonia","cohort_name","essential_hypertension","reason","Overlapping records collapsed","number_subjects",NA,"count","integer","82221","reason_id","3"
13,"CORIVA-Estonia","cohort_name","essential_hypertension","reason","Overlapping records collapsed","excluded_records",NA,"count","integer","1563245","reason_id","3"
13,"CORIVA-Estonia","cohort_name","essential_hypertension","reason","Overlapping records collapsed","excluded_subjects",NA,"count","integer","0","reason_id","3"
14,"CORIVA-Estonia","cohort_name","howoften_beta_blockers","reason","Initial qualifying events","number_records",NA,"count","integer","1916122","reason_id","1"
14,"CORIVA-Estonia","cohort_name","howoften_beta_blockers","reason","Initial qualifying events","number_subjects",NA,"count","integer","81424","reason_id","1"
14,"CORIVA-Estonia","cohort_name","howoften_beta_blockers","reason","Initial qualifying events","excluded_records",NA,"count","integer","0","reason_id","1"
14,"CORIVA-Estonia","cohort_name","howoften_beta_blockers","reason","Initial qualifying events","excluded_subjects",NA,"count","integer","0","reason_id","1"
14,"CORIVA-Estonia","cohort_name","howoften_beta_blockers","reason","cohort requirements","number_records",NA,"count","integer","1916118","reason_id","2"
14,"CORIVA-Estonia","cohort_name","howoften_beta_blockers","reason","cohort requirements","number_subjects",NA,"count","integer","81424","reason_id","2"
14,"CORIVA-Estonia","cohort_name","howoften_beta_blockers","reason","cohort requirements","excluded_records",NA,"count","integer",NA,"reason_id","2"
14,"CORIVA-Estonia","cohort_name","howoften_beta_blockers","reason","cohort requirements","excluded_subjects",NA,"count","integer","0","reason_id","2"
14,"CORIVA-Estonia","cohort_name","howoften_beta_blockers","reason","Overlapping records collapsed","number_records",NA,"count","integer","560608","reason_id","3"
14,"CORIVA-Estonia","cohort_name","howoften_beta_blockers","reason","Overlapping records collapsed","number_subjects",NA,"count","integer","81424","reason_id","3"
14,"CORIVA-Estonia","cohort_name","howoften_beta_blockers","reason","Overlapping records collapsed","excluded_records",NA,"count","integer","1355510","reason_id","3"
14,"CORIVA-Estonia","cohort_name","howoften_beta_blockers","reason","Overlapping records collapsed","excluded_subjects",NA,"count","integer","0","reason_id","3"
15,"CORIVA-Estonia","cohort_name","major_non_cardiac_surgery","reason","Initial qualifying events","number_records",NA,"count","integer","6531","reason_id","1"
15,"CORIVA-Estonia","cohort_name","major_non_cardiac_surgery","reason","Initial qualifying events","number_subjects",NA,"count","integer","4498","reason_id","1"
15,"CORIVA-Estonia","cohort_name","major_non_cardiac_surgery","reason","Initial qualifying events","excluded_records",NA,"count","integer","0","reason_id","1"
15,"CORIVA-Estonia","cohort_name","major_non_cardiac_surgery","reason","Initial qualifying events","excluded_subjects",NA,"count","integer","0","reason_id","1"
15,"CORIVA-Estonia","cohort_name","major_non_cardiac_surgery","reason","cohort requirements","number_records",NA,"count","integer","6531","reason_id","2"
15,"CORIVA-Estonia","cohort_name","major_non_cardiac_surgery","reason","cohort requirements","number_subjects",NA,"count","integer","4498","reason_id","2"
15,"CORIVA-Estonia","cohort_name","major_non_cardiac_surgery","reason","cohort requirements","excluded_records",NA,"count","integer","0","reason_id","2"
15,"CORIVA-Estonia","cohort_name","major_non_cardiac_surgery","reason","cohort requirements","excluded_subjects",NA,"count","integer","0","reason_id","2"
15,"CORIVA-Estonia","cohort_name","major_non_cardiac_surgery","reason","Overlapping records collapsed","number_records",NA,"count","integer","4860","reason_id","3"
15,"CORIVA-Estonia","cohort_name","major_non_cardiac_surgery","reason","Overlapping records collapsed","number_subjects",NA,"count","integer","4498","reason_id","3"
15,"CORIVA-Estonia","cohort_name","major_non_cardiac_surgery","reason","Overlapping records collapsed","excluded_records",NA,"count","integer","1671","reason_id","3"
15,"CORIVA-Estonia","cohort_name","major_non_cardiac_surgery","reason","Overlapping records collapsed","excluded_subjects",NA,"count","integer","0","reason_id","3"
16,"CORIVA-Estonia","cohort_name","neutrophil_absolute_count","reason","Initial qualifying events","number_records",NA,"count","integer","1945568","reason_id","1"
16,"CORIVA-Estonia","cohort_name","neutrophil_absolute_count","reason","Initial qualifying events","number_subjects",NA,"count","integer","305315","reason_id","1"
16,"CORIVA-Estonia","cohort_name","neutrophil_absolute_count","reason","Initial qualifying events","excluded_records",NA,"count","integer","0","reason_id","1"
16,"CORIVA-Estonia","cohort_name","neutrophil_absolute_count","reason","Initial qualifying events","excluded_subjects",NA,"count","integer","0","reason_id","1"
16,"CORIVA-Estonia","cohort_name","neutrophil_absolute_count","reason","cohort requirements","number_records",NA,"count","integer","1945560","reason_id","2"
16,"CORIVA-Estonia","cohort_name","neutrophil_absolute_count","reason","cohort requirements","number_subjects",NA,"count","integer","305315","reason_id","2"
16,"CORIVA-Estonia","cohort_name","neutrophil_absolute_count","reason","cohort requirements","excluded_records",NA,"count","integer","8","reason_id","2"
16,"CORIVA-Estonia","cohort_name","neutrophil_absolute_count","reason","cohort requirements","excluded_subjects",NA,"count","integer","0","reason_id","2"
16,"CORIVA-Estonia","cohort_name","neutrophil_absolute_count","reason","Overlapping records collapsed","number_records",NA,"count","integer","1922768","reason_id","3"
16,"CORIVA-Estonia","cohort_name","neutrophil_absolute_count","reason","Overlapping records collapsed","number_subjects",NA,"count","integer","305315","reason_id","3"
16,"CORIVA-Estonia","cohort_name","neutrophil_absolute_count","reason","Overlapping records collapsed","excluded_records",NA,"count","integer","22792","reason_id","3"
16,"CORIVA-Estonia","cohort_name","neutrophil_absolute_count","reason","Overlapping records collapsed","excluded_subjects",NA,"count","integer","0","reason_id","3"
1,NA,"overall","overall","overall","overall","settings",NA,"cohort_definition_id","integer","1","overall","overall"
1,NA,"overall","overall","overall","overall","settings",NA,"cohort_name","character","essential_hypertension","overall","overall"
1,NA,"overall","overall","overall","overall","settings",NA,"cdm_version","character","5.3","overall","overall"
1,NA,"overall","overall","overall","overall","settings",NA,"vocabulary_version","character","v5.0 19-NOV-21","overall","overall"
1,NA,"overall","overall","overall","overall","settings",NA,"table_name","character","index_4","overall","overall"
1,NA,"overall","overall","overall","overall","settings",NA,"result_type","character","cohort_count","overall","overall"
1,NA,"overall","overall","overall","overall","settings",NA,"package_name","character","omopgenerics","overall","overall"
1,NA,"overall","overall","overall","overall","settings",NA,"package_version","character","0.3.0","overall","overall"
1,NA,"overall","overall","overall","overall","settings",NA,"min_cell_count","integer","5","overall","overall"
2,NA,"overall","overall","overall","overall","settings",NA,"cohort_definition_id","integer","2","overall","overall"
2,NA,"overall","overall","overall","overall","settings",NA,"cohort_name","character","howoften_beta_blockers","overall","overall"
2,NA,"overall","overall","overall","overall","settings",NA,"cdm_version","character","5.3","overall","overall"
2,NA,"overall","overall","overall","overall","settings",NA,"vocabulary_version","character","v5.0 19-NOV-21","overall","overall"
2,NA,"overall","overall","overall","overall","settings",NA,"table_name","character","index_4","overall","overall"
2,NA,"overall","overall","overall","overall","settings",NA,"result_type","character","cohort_count","overall","overall"
2,NA,"overall","overall","overall","overall","settings",NA,"package_name","character","omopgenerics","overall","overall"
2,NA,"overall","overall","overall","overall","settings",NA,"package_version","character","0.3.0","overall","overall"
2,NA,"overall","overall","overall","overall","settings",NA,"min_cell_count","integer","5","overall","overall"
3,NA,"overall","overall","overall","overall","settings",NA,"cohort_definition_id","integer","3","overall","overall"
3,NA,"overall","overall","overall","overall","settings",NA,"cohort_name","character","major_non_cardiac_surgery","overall","overall"
3,NA,"overall","overall","overall","overall","settings",NA,"cdm_version","character","5.3","overall","overall"
3,NA,"overall","overall","overall","overall","settings",NA,"vocabulary_version","character","v5.0 19-NOV-21","overall","overall"
3,NA,"overall","overall","overall","overall","settings",NA,"table_name","character","index_4","overall","overall"
3,NA,"overall","overall","overall","overall","settings",NA,"result_type","character","cohort_count","overall","overall"
3,NA,"overall","overall","overall","overall","settings",NA,"package_name","character","omopgenerics","overall","overall"
3,NA,"overall","overall","overall","overall","settings",NA,"package_version","character","0.3.0","overall","overall"
3,NA,"overall","overall","overall","overall","settings",NA,"min_cell_count","integer","5","overall","overall"
4,NA,"overall","overall","overall","overall","settings",NA,"cohort_definition_id","integer","4","overall","overall"
4,NA,"overall","overall","overall","overall","settings",NA,"cohort_name","character","neutrophil_absolute_count","overall","overall"
4,NA,"overall","overall","overall","overall","settings",NA,"cdm_version","character","5.3","overall","overall"
4,NA,"overall","overall","overall","overall","settings",NA,"vocabulary_version","character","v5.0 19-NOV-21","overall","overall"
4,NA,"overall","overall","overall","overall","settings",NA,"table_name","character","index_4","overall","overall"
4,NA,"overall","overall","overall","overall","settings",NA,"result_type","character","cohort_count","overall","overall"
4,NA,"overall","overall","overall","overall","settings",NA,"package_name","character","omopgenerics","overall","overall"
4,NA,"overall","overall","overall","overall","settings",NA,"package_version","character","0.3.0","overall","overall"
4,NA,"overall","overall","overall","overall","settings",NA,"min_cell_count","integer","5","overall","overall"
5,NA,"overall","overall","overall","overall","settings",NA,"cohort_definition_id","integer","1","overall","overall"
5,NA,"overall","overall","overall","overall","settings",NA,"cohort_name","character","essential_hypertension","overall","overall"
5,NA,"overall","overall","overall","overall","settings",NA,"cdm_version","character","5.3","overall","overall"
5,NA,"overall","overall","overall","overall","settings",NA,"vocabulary_version","character","v5.0 19-NOV-21","overall","overall"
5,NA,"overall","overall","overall","overall","settings",NA,"table_name","character","index_4","overall","overall"
5,NA,"overall","overall","overall","overall","settings",NA,"result_type","character","cohort_attrition","overall","overall"
5,NA,"overall","overall","overall","overall","settings",NA,"package_name","character","omopgenerics","overall","overall"
5,NA,"overall","overall","overall","overall","settings",NA,"package_version","character","0.3.0","overall","overall"
5,NA,"overall","overall","overall","overall","settings",NA,"min_cell_count","integer","5","overall","overall"
6,NA,"overall","overall","overall","overall","settings",NA,"cohort_definition_id","integer","2","overall","overall"
6,NA,"overall","overall","overall","overall","settings",NA,"cohort_name","character","howoften_beta_blockers","overall","overall"
6,NA,"overall","overall","overall","overall","settings",NA,"cdm_version","character","5.3","overall","overall"
6,NA,"overall","overall","overall","overall","settings",NA,"vocabulary_version","character","v5.0 19-NOV-21","overall","overall"
6,NA,"overall","overall","overall","overall","settings",NA,"table_name","character","index_4","overall","overall"
6,NA,"overall","overall","overall","overall","settings",NA,"result_type","character","cohort_attrition","overall","overall"
6,NA,"overall","overall","overall","overall","settings",NA,"package_name","character","omopgenerics","overall","overall"
6,NA,"overall","overall","overall","overall","settings",NA,"package_version","character","0.3.0","overall","overall"
6,NA,"overall","overall","overall","overall","settings",NA,"min_cell_count","integer","5","overall","overall"
7,NA,"overall","overall","overall","overall","settings",NA,"cohort_definition_id","integer","3","overall","overall"
7,NA,"overall","overall","overall","overall","settings",NA,"cohort_name","character","major_non_cardiac_surgery","overall","overall"
7,NA,"overall","overall","overall","overall","settings",NA,"cdm_version","character","5.3","overall","overall"
7,NA,"overall","overall","overall","overall","settings",NA,"vocabulary_version","character","v5.0 19-NOV-21","overall","overall"
7,NA,"overall","overall","overall","overall","settings",NA,"table_name","character","index_4","overall","overall"
7,NA,"overall","overall","overall","overall","settings",NA,"result_type","character","cohort_attrition","overall","overall"
7,NA,"overall","overall","overall","overall","settings",NA,"package_name","character","omopgenerics","overall","overall"
7,NA,"overall","overall","overall","overall","settings",NA,"package_version","character","0.3.0","overall","overall"
7,NA,"overall","overall","overall","overall","settings",NA,"min_cell_count","integer","5","overall","overall"
8,NA,"overall","overall","overall","overall","settings",NA,"cohort_definition_id","integer","4","overall","overall"
8,NA,"overall","overall","overall","overall","settings",NA,"cohort_name","character","neutrophil_absolute_count","overall","overall"
8,NA,"overall","overall","overall","overall","settings",NA,"cdm_version","character","5.3","overall","overall"
8,NA,"overall","overall","overall","overall","settings",NA,"vocabulary_version","character","v5.0 19-NOV-21","overall","overall"
8,NA,"overall","overall","overall","overall","settings",NA,"table_name","character","index_4","overall","overall"
8,NA,"overall","overall","overall","overall","settings",NA,"result_type","character","cohort_attrition","overall","overall"
8,NA,"overall","overall","overall","overall","settings",NA,"package_name","character","omopgenerics","overall","overall"
8,NA,"overall","overall","overall","overall","settings",NA,"package_version","character","0.3.0","overall","overall"
8,NA,"overall","overall","overall","overall","settings",NA,"min_cell_count","integer","5","overall","overall"
9,NA,"overall","overall","overall","overall","settings",NA,"cohort_definition_id","integer","1","overall","overall"
9,NA,"overall","overall","overall","overall","settings",NA,"cohort_name","character","essential_hypertension","overall","overall"
9,NA,"overall","overall","overall","overall","settings",NA,"cdm_version","character","5.3","overall","overall"
9,NA,"overall","overall","overall","overall","settings",NA,"vocabulary_version","character","v5.0 19-NOV-21","overall","overall"
9,NA,"overall","overall","overall","overall","settings",NA,"table_name","character","no_index_4","overall","overall"
9,NA,"overall","overall","overall","overall","settings",NA,"result_type","character","cohort_count","overall","overall"
9,NA,"overall","overall","overall","overall","settings",NA,"package_name","character","omopgenerics","overall","overall"
9,NA,"overall","overall","overall","overall","settings",NA,"package_version","character","0.3.0","overall","overall"
9,NA,"overall","overall","overall","overall","settings",NA,"min_cell_count","integer","5","overall","overall"
10,NA,"overall","overall","overall","overall","settings",NA,"cohort_definition_id","integer","2","overall","overall"
10,NA,"overall","overall","overall","overall","settings",NA,"cohort_name","character","howoften_beta_blockers","overall","overall"
10,NA,"overall","overall","overall","overall","settings",NA,"cdm_version","character","5.3","overall","overall"
10,NA,"overall","overall","overall","overall","settings",NA,"vocabulary_version","character","v5.0 19-NOV-21","overall","overall"
10,NA,"overall","overall","overall","overall","settings",NA,"table_name","character","no_index_4","overall","overall"
10,NA,"overall","overall","overall","overall","settings",NA,"result_type","character","cohort_count","overall","overall"
10,NA,"overall","overall","overall","overall","settings",NA,"package_name","character","omopgenerics","overall","overall"
10,NA,"overall","overall","overall","overall","settings",NA,"package_version","character","0.3.0","overall","overall"
10,NA,"overall","overall","overall","overall","settings",NA,"min_cell_count","integer","5","overall","overall"
11,NA,"overall","overall","overall","overall","settings",NA,"cohort_definition_id","integer","3","overall","overall"
11,NA,"overall","overall","overall","overall","settings",NA,"cohort_name","character","major_non_cardiac_surgery","overall","overall"
11,NA,"overall","overall","overall","overall","settings",NA,"cdm_version","character","5.3","overall","overall"
11,NA,"overall","overall","overall","overall","settings",NA,"vocabulary_version","character","v5.0 19-NOV-21","overall","overall"
11,NA,"overall","overall","overall","overall","settings",NA,"table_name","character","no_index_4","overall","overall"
11,NA,"overall","overall","overall","overall","settings",NA,"result_type","character","cohort_count","overall","overall"
11,NA,"overall","overall","overall","overall","settings",NA,"package_name","character","omopgenerics","overall","overall"
11,NA,"overall","overall","overall","overall","settings",NA,"package_version","character","0.3.0","overall","overall"
11,NA,"overall","overall","overall","overall","settings",NA,"min_cell_count","integer","5","overall","overall"
12,NA,"overall","overall","overall","overall","settings",NA,"cohort_definition_id","integer","4","overall","overall"
12,NA,"overall","overall","overall","overall","settings",NA,"cohort_name","character","neutrophil_absolute_count","overall","overall"
12,NA,"overall","overall","overall","overall","settings",NA,"cdm_version","character","5.3","overall","overall"
12,NA,"overall","overall","overall","overall","settings",NA,"vocabulary_version","character","v5.0 19-NOV-21","overall","overall"
12,NA,"overall","overall","overall","overall","settings",NA,"table_name","character","no_index_4","overall","overall"
12,NA,"overall","overall","overall","overall","settings",NA,"result_type","character","cohort_count","overall","overall"
12,NA,"overall","overall","overall","overall","settings",NA,"package_name","character","omopgenerics","overall","overall"
12,NA,"overall","overall","overall","overall","settings",NA,"package_version","character","0.3.0","overall","overall"
12,NA,"overall","overall","overall","overall","settings",NA,"min_cell_count","integer","5","overall","overall"
13,NA,"overall","overall","overall","overall","settings",NA,"cohort_definition_id","integer","1","overall","overall"
13,NA,"overall","overall","overall","overall","settings",NA,"cohort_name","character","essential_hypertension","overall","overall"
13,NA,"overall","overall","overall","overall","settings",NA,"cdm_version","character","5.3","overall","overall"
13,NA,"overall","overall","overall","overall","settings",NA,"vocabulary_version","character","v5.0 19-NOV-21","overall","overall"
13,NA,"overall","overall","overall","overall","settings",NA,"table_name","character","no_index_4","overall","overall"
13,NA,"overall","overall","overall","overall","settings",NA,"result_type","character","cohort_attrition","overall","overall"
13,NA,"overall","overall","overall","overall","settings",NA,"package_name","character","omopgenerics","overall","overall"
13,NA,"overall","overall","overall","overall","settings",NA,"package_version","character","0.3.0","overall","overall"
13,NA,"overall","overall","overall","overall","settings",NA,"min_cell_count","integer","5","overall","overall"
14,NA,"overall","overall","overall","overall","settings",NA,"cohort_definition_id","integer","2","overall","overall"
14,NA,"overall","overall","overall","overall","settings",NA,"cohort_name","character","howoften_beta_blockers","overall","overall"
14,NA,"overall","overall","overall","overall","settings",NA,"cdm_version","character","5.3","overall","overall"
14,NA,"overall","overall","overall","overall","settings",NA,"vocabulary_version","character","v5.0 19-NOV-21","overall","overall"
14,NA,"overall","overall","overall","overall","settings",NA,"table_name","character","no_index_4","overall","overall"
14,NA,"overall","overall","overall","overall","settings",NA,"result_type","character","cohort_attrition","overall","overall"
14,NA,"overall","overall","overall","overall","settings",NA,"package_name","character","omopgenerics","overall","overall"
14,NA,"overall","overall","overall","overall","settings",NA,"package_version","character","0.3.0","overall","overall"
14,NA,"overall","overall","overall","overall","settings",NA,"min_cell_count","integer","5","overall","overall"
15,NA,"overall","overall","overall","overall","settings",NA,"cohort_definition_id","integer","3","overall","overall"
15,NA,"overall","overall","overall","overall","settings",NA,"cohort_name","character","major_non_cardiac_surgery","overall","overall"
15,NA,"overall","overall","overall","overall","settings",NA,"cdm_version","character","5.3","overall","overall"
15,NA,"overall","overall","overall","overall","settings",NA,"vocabulary_version","character","v5.0 19-NOV-21","overall","overall"
15,NA,"overall","overall","overall","overall","settings",NA,"table_name","character","no_index_4","overall","overall"
15,NA,"overall","overall","overall","overall","settings",NA,"result_type","character","cohort_attrition","overall","overall"
15,NA,"overall","overall","overall","overall","settings",NA,"package_name","character","omopgenerics","overall","overall"
15,NA,"overall","overall","overall","overall","settings",NA,"package_version","character","0.3.0","overall","overall"
15,NA,"overall","overall","overall","overall","settings",NA,"min_cell_count","integer","5","overall","overall"
16,NA,"overall","overall","overall","overall","settings",NA,"cohort_definition_id","integer","4","overall","overall"
16,NA,"overall","overall","overall","overall","settings",NA,"cohort_name","character","neutrophil_absolute_count","overall","overall"
16,NA,"overall","overall","overall","overall","settings",NA,"cdm_version","character","5.3","overall","overall"
16,NA,"overall","overall","overall","overall","settings",NA,"vocabulary_version","character","v5.0 19-NOV-21","overall","overall"
16,NA,"overall","overall","overall","overall","settings",NA,"table_name","character","no_index_4","overall","overall"
16,NA,"overall","overall","overall","overall","settings",NA,"result_type","character","cohort_attrition","overall","overall"
16,NA,"overall","overall","overall","overall","settings",NA,"package_name","character","omopgenerics","overall","overall"
16,NA,"overall","overall","overall","overall","settings",NA,"package_version","character","0.3.0","overall","overall"
16,NA,"overall","overall","overall","overall","settings",NA,"min_cell_count","integer","5","overall","overall"
