tic,toc,msg,callback_msg,cdm_name,package_version
16314.394,16363.29,No index: drug domain,No index: drug domain: 48.896 sec elapsed,CORIVA-Estonia,0.2.2
16363.29,16467.156,No index: drug and condition domains,No index: drug and condition domains: 103.866 sec elapsed,CORIVA-Estonia,0.2.2
16467.157,16578.15,"No index: drug, condition, procedure domains","No index: drug, condition, procedure domains: 110.993 sec elapsed",CORIVA-Estonia,0.2.2
16578.15,16769.466,"No index: drug, condition, procedure, and measurement domains","No index: drug, condition, procedure, and measurement domains: 191.316 sec elapsed",CORIVA-Estonia,0.2.2
16769.466,16819.735,Index: drug domain,Index: drug domain: 50.269 sec elapsed,CORIVA-Estonia,0.2.2
16819.735,16930.982,Index: drug and condition domains,Index: drug and condition domains: 111.247 sec elapsed,CORIVA-Estonia,0.2.2
16930.982,17056.611,"Index: drug, condition, procedure domains","Index: drug, condition, procedure domains: 125.629 sec elapsed",CORIVA-Estonia,0.2.2
17056.611,17263.123,"Index: drug, condition, procedure, and measurement domains","Index: drug, condition, procedure, and measurement domains: 206.512 sec elapsed",CORIVA-Estonia,0.2.2
