tic,toc,msg,callback_msg,cdm_name,package_version
103.1,125.42,atlas_asthma_no_copd,atlas_asthma_no_copd: 22.32 sec elapsed,OHDSI SQL server,0.2.2
125.42,144.73,atlas_beta_blockers_hypertension,atlas_beta_blockers_hypertension: 19.31 sec elapsed,OHDSI SQL server,0.2.2
144.73,161.18,atlas_covid,atlas_covid: 16.45 sec elapsed,OHDSI SQL server,0.2.2
161.18,177.48,atlas_covid_female,atlas_covid_female: 16.3 sec elapsed,OHDSI SQL server,0.2.2
177.48,193.78,atlas_covid_female_0_to_50,atlas_covid_female_0_to_50: 16.3 sec elapsed,OHDSI SQL server,0.2.2
193.78,210.29,atlas_covid_female_51_to_150,atlas_covid_female_51_to_150: 16.51 sec elapsed,OHDSI SQL server,0.2.2
210.29,227.01,atlas_covid_male,atlas_covid_male: 16.72 sec elapsed,OHDSI SQL server,0.2.2
227.01,243.5,atlas_covid_male_0_to_50,atlas_covid_male_0_to_50: 16.49 sec elapsed,OHDSI SQL server,0.2.2
243.5,261.23,atlas_covid_male_51_to_150,atlas_covid_male_51_to_150: 17.73 sec elapsed,OHDSI SQL server,0.2.2
261.23,280.78,atlas_endometriosis_procedure,atlas_endometriosis_procedure: 19.55 sec elapsed,OHDSI SQL server,0.2.2
280.78,297.92,atlas_hospitalisation,atlas_hospitalisation: 17.14 sec elapsed,OHDSI SQL server,0.2.2
297.92,318.87,atlas_major_non_cardiac_surgery,atlas_major_non_cardiac_surgery: 20.95 sec elapsed,OHDSI SQL server,0.2.2
318.87,340.03,atlas_neutropenia_leukopenia,atlas_neutropenia_leukopenia: 21.16 sec elapsed,OHDSI SQL server,0.2.2
340.03,357.84,atlas_new_fluoroquinolone,atlas_new_fluoroquinolone: 17.81 sec elapsed,OHDSI SQL server,0.2.2
357.84,376.76,atlas_transverse_myelitis,atlas_transverse_myelitis: 18.92 sec elapsed,OHDSI SQL server,0.2.2
