tic,toc,msg,callback_msg,cdm_name,package_version
376.9,559.28,cc_asthma_no_copd,cc_asthma_no_copd: 182.38 sec elapsed,OHDSI SQL server,0.2.2
559.28,713.78,cc_beta_blockers_hypertension,cc_beta_blockers_hypertension: 154.5 sec elapsed,OHDSI SQL server,0.2.2
713.78,832.09,cc_covid,cc_covid: 118.31 sec elapsed,OHDSI SQL server,0.2.2
832.09,1030.18,cc_endometriosis_procedure,cc_endometriosis_procedure: 198.09 sec elapsed,OHDSI SQL server,0.2.2
1030.18,1116.62,cc_hospitalisation,cc_hospitalisation: 86.44 sec elapsed,OHDSI SQL server,0.2.2
1116.62,1232.15,cc_major_non_cardiac_surgery,cc_major_non_cardiac_surgery: 115.53 sec elapsed,OHDSI SQL server,0.2.2
1232.15,1441.21,cc_neutropenia_leukopenia,cc_neutropenia_leukopenia: 209.06 sec elapsed,OHDSI SQL server,0.2.2
1441.21,1561.73,cc_new_fluoroquinolone,cc_new_fluoroquinolone: 120.52 sec elapsed,OHDSI SQL server,0.2.2
1561.73,1704.73,cc_transverse_myelitis,cc_transverse_myelitis: 143 sec elapsed,OHDSI SQL server,0.2.2
1704.73,1740.2,cc_covid_female,cc_covid_female: 35.47 sec elapsed,OHDSI SQL server,0.2.2
1740.2,1775.75,cc_covid_male,cc_covid_male: 35.55 sec elapsed,OHDSI SQL server,0.2.2
1775.75,1844.96,cc_covid_female_0_to_50,cc_covid_female_0_to_50: 69.21 sec elapsed,OHDSI SQL server,0.2.2
1844.96,1909,cc_covid_female_51_to_150,cc_covid_female_51_to_150: 64.04 sec elapsed,OHDSI SQL server,0.2.2
1909,1975.64,cc_covid_male_0_to_50,cc_covid_male_0_to_50: 66.64 sec elapsed,OHDSI SQL server,0.2.2
1975.64,2041.56,cc_covid_male_51_to_150,cc_covid_male_51_to_150: 65.92 sec elapsed,OHDSI SQL server,0.2.2
