tic,toc,msg,callback_msg,cdm_name,package_version
357599.21,357626.39,atlas_asthma_no_copd,atlas_asthma_no_copd: 27.18 sec elapsed,OHDSI Postgres server,0.2.2
357626.39,357653.62,atlas_beta_blockers_hypertension,atlas_beta_blockers_hypertension: 27.23 sec elapsed,OHDSI Postgres server,0.2.2
357653.62,357677.95,atlas_covid,atlas_covid: 24.33 sec elapsed,OHDSI Postgres server,0.2.2
357677.95,357702.26,atlas_covid_female,atlas_covid_female: 24.31 sec elapsed,OHDSI Postgres server,0.2.2
357702.26,357726.56,atlas_covid_female_0_to_50,atlas_covid_female_0_to_50: 24.3 sec elapsed,OHDSI Postgres server,0.2.2
357726.56,357750.89,atlas_covid_female_51_to_150,atlas_covid_female_51_to_150: 24.33 sec elapsed,OHDSI Postgres server,0.2.2
357750.89,357775.25,atlas_covid_male,atlas_covid_male: 24.36 sec elapsed,OHDSI Postgres server,0.2.2
357775.25,357799.59,atlas_covid_male_0_to_50,atlas_covid_male_0_to_50: 24.34 sec elapsed,OHDSI Postgres server,0.2.2
357799.59,357823.89,atlas_covid_male_51_to_150,atlas_covid_male_51_to_150: 24.3 sec elapsed,OHDSI Postgres server,0.2.2
357823.89,357852.78,atlas_endometriosis_procedure,atlas_endometriosis_procedure: 28.89 sec elapsed,OHDSI Postgres server,0.2.2
357852.78,357877.15,atlas_hospitalisation,atlas_hospitalisation: 24.37 sec elapsed,OHDSI Postgres server,0.2.2
357877.15,357925.06,atlas_major_non_cardiac_surgery,atlas_major_non_cardiac_surgery: 47.91 sec elapsed,OHDSI Postgres server,0.2.2
357925.06,357951.73,atlas_neutropenia_leukopenia,atlas_neutropenia_leukopenia: 26.67 sec elapsed,OHDSI Postgres server,0.2.2
357951.73,357978.64,atlas_new_fluoroquinolone,atlas_new_fluoroquinolone: 26.91 sec elapsed,OHDSI Postgres server,0.2.2
357978.64,358004.4,atlas_transverse_myelitis,atlas_transverse_myelitis: 25.76 sec elapsed,OHDSI Postgres server,0.2.2
