tic,toc,msg,callback_msg,cdm_name,package_version
358004.43,358285.84,cc_asthma_no_copd,cc_asthma_no_copd: 281.41 sec elapsed,OHDSI Postgres server,0.2.2
358285.84,358523.18,cc_beta_blockers_hypertension,cc_beta_blockers_hypertension: 237.34 sec elapsed,OHDSI Postgres server,0.2.2
358523.18,358720.21,cc_covid,cc_covid: 197.03 sec elapsed,OHDSI Postgres server,0.2.2
358720.21,359033.51,cc_endometriosis_procedure,cc_endometriosis_procedure: 313.3 sec elapsed,OHDSI Postgres server,0.2.2
359033.51,359170.56,cc_hospitalisation,cc_hospitalisation: 137.05 sec elapsed,OHDSI Postgres server,0.2.2
359170.56,359347.5,cc_major_non_cardiac_surgery,cc_major_non_cardiac_surgery: 176.94 sec elapsed,OHDSI Postgres server,0.2.2
359347.5,359688.23,cc_neutropenia_leukopenia,cc_neutropenia_leukopenia: 340.73 sec elapsed,OHDSI Postgres server,0.2.2
359688.23,359876.17,cc_new_fluoroquinolone,cc_new_fluoroquinolone: 187.94 sec elapsed,OHDSI Postgres server,0.2.2
359876.17,360097.43,cc_transverse_myelitis,cc_transverse_myelitis: 221.26 sec elapsed,OHDSI Postgres server,0.2.2
360097.43,360154.51,cc_covid_female,cc_covid_female: 57.08 sec elapsed,OHDSI Postgres server,0.2.2
360154.51,360211.68,cc_covid_male,cc_covid_male: 57.17 sec elapsed,OHDSI Postgres server,0.2.2
360211.68,360313.34,cc_covid_female_0_to_50,cc_covid_female_0_to_50: 101.66 sec elapsed,OHDSI Postgres server,0.2.2
360313.34,360414.93,cc_covid_female_51_to_150,cc_covid_female_51_to_150: 101.59 sec elapsed,OHDSI Postgres server,0.2.2
360414.93,360516.62,cc_covid_male_0_to_50,cc_covid_male_0_to_50: 101.69 sec elapsed,OHDSI Postgres server,0.2.2
360516.62,360618.43,cc_covid_male_51_to_150,cc_covid_male_51_to_150: 101.81 sec elapsed,OHDSI Postgres server,0.2.2
