"result_id","cdm_name","group_name","group_level","strata_name","strata_level","variable_name","variable_level","estimate_name","estimate_type","estimate_value","additional_name","additional_level"
1,"OHDSI Postgres server","cohort_name","essential_hypertension","overall","overall","number_records",NA,"count","integer","6361","overall","overall"
1,"OHDSI Postgres server","cohort_name","essential_hypertension","overall","overall","number_subjects",NA,"count","integer","755","overall","overall"
2,"OHDSI Postgres server","cohort_name","howoften_beta_blockers","overall","overall","number_records",NA,"count","integer","1893","overall","overall"
2,"OHDSI Postgres server","cohort_name","howoften_beta_blockers","overall","overall","number_subjects",NA,"count","integer","542","overall","overall"
3,"OHDSI Postgres server","cohort_name","major_non_cardiac_surgery","overall","overall","number_records",NA,"count","integer","104","overall","overall"
3,"OHDSI Postgres server","cohort_name","major_non_cardiac_surgery","overall","overall","number_subjects",NA,"count","integer","92","overall","overall"
4,"OHDSI Postgres server","cohort_name","neutrophil_absolute_count","overall","overall","number_records",NA,"count","integer","0","overall","overall"
4,"OHDSI Postgres server","cohort_name","neutrophil_absolute_count","overall","overall","number_subjects",NA,"count","integer","0","overall","overall"
5,"OHDSI Postgres server","cohort_name","essential_hypertension","reason","Initial qualifying events","number_records",NA,"count","integer","10381","reason_id","1"
5,"OHDSI Postgres server","cohort_name","essential_hypertension","reason","Initial qualifying events","number_subjects",NA,"count","integer","755","reason_id","1"
5,"OHDSI Postgres server","cohort_name","essential_hypertension","reason","Initial qualifying events","excluded_records",NA,"count","integer","0","reason_id","1"
5,"OHDSI Postgres server","cohort_name","essential_hypertension","reason","Initial qualifying events","excluded_subjects",NA,"count","integer","0","reason_id","1"
5,"OHDSI Postgres server","cohort_name","essential_hypertension","reason","cohort requirements","number_records",NA,"count","integer","10381","reason_id","2"
5,"OHDSI Postgres server","cohort_name","essential_hypertension","reason","cohort requirements","number_subjects",NA,"count","integer","755","reason_id","2"
5,"OHDSI Postgres server","cohort_name","essential_hypertension","reason","cohort requirements","excluded_records",NA,"count","integer","0","reason_id","2"
5,"OHDSI Postgres server","cohort_name","essential_hypertension","reason","cohort requirements","excluded_subjects",NA,"count","integer","0","reason_id","2"
5,"OHDSI Postgres server","cohort_name","essential_hypertension","reason","Overlapping records collapsed","number_records",NA,"count","integer","6361","reason_id","3"
5,"OHDSI Postgres server","cohort_name","essential_hypertension","reason","Overlapping records collapsed","number_subjects",NA,"count","integer","755","reason_id","3"
5,"OHDSI Postgres server","cohort_name","essential_hypertension","reason","Overlapping records collapsed","excluded_records",NA,"count","integer","4020","reason_id","3"
5,"OHDSI Postgres server","cohort_name","essential_hypertension","reason","Overlapping records collapsed","excluded_subjects",NA,"count","integer","0","reason_id","3"
6,"OHDSI Postgres server","cohort_name","howoften_beta_blockers","reason","Initial qualifying events","number_records",NA,"count","integer","2277","reason_id","1"
6,"OHDSI Postgres server","cohort_name","howoften_beta_blockers","reason","Initial qualifying events","number_subjects",NA,"count","integer","542","reason_id","1"
6,"OHDSI Postgres server","cohort_name","howoften_beta_blockers","reason","Initial qualifying events","excluded_records",NA,"count","integer","0","reason_id","1"
6,"OHDSI Postgres server","cohort_name","howoften_beta_blockers","reason","Initial qualifying events","excluded_subjects",NA,"count","integer","0","reason_id","1"
6,"OHDSI Postgres server","cohort_name","howoften_beta_blockers","reason","cohort requirements","number_records",NA,"count","integer","2277","reason_id","2"
6,"OHDSI Postgres server","cohort_name","howoften_beta_blockers","reason","cohort requirements","number_subjects",NA,"count","integer","542","reason_id","2"
6,"OHDSI Postgres server","cohort_name","howoften_beta_blockers","reason","cohort requirements","excluded_records",NA,"count","integer","0","reason_id","2"
6,"OHDSI Postgres server","cohort_name","howoften_beta_blockers","reason","cohort requirements","excluded_subjects",NA,"count","integer","0","reason_id","2"
6,"OHDSI Postgres server","cohort_name","howoften_beta_blockers","reason","Overlapping records collapsed","number_records",NA,"count","integer","1893","reason_id","3"
6,"OHDSI Postgres server","cohort_name","howoften_beta_blockers","reason","Overlapping records collapsed","number_subjects",NA,"count","integer","542","reason_id","3"
6,"OHDSI Postgres server","cohort_name","howoften_beta_blockers","reason","Overlapping records collapsed","excluded_records",NA,"count","integer","384","reason_id","3"
6,"OHDSI Postgres server","cohort_name","howoften_beta_blockers","reason","Overlapping records collapsed","excluded_subjects",NA,"count","integer","0","reason_id","3"
7,"OHDSI Postgres server","cohort_name","major_non_cardiac_surgery","reason","Initial qualifying events","number_records",NA,"count","integer","138","reason_id","1"
7,"OHDSI Postgres server","cohort_name","major_non_cardiac_surgery","reason","Initial qualifying events","number_subjects",NA,"count","integer","92","reason_id","1"
7,"OHDSI Postgres server","cohort_name","major_non_cardiac_surgery","reason","Initial qualifying events","excluded_records",NA,"count","integer","0","reason_id","1"
7,"OHDSI Postgres server","cohort_name","major_non_cardiac_surgery","reason","Initial qualifying events","excluded_subjects",NA,"count","integer","0","reason_id","1"
7,"OHDSI Postgres server","cohort_name","major_non_cardiac_surgery","reason","cohort requirements","number_records",NA,"count","integer","138","reason_id","2"
7,"OHDSI Postgres server","cohort_name","major_non_cardiac_surgery","reason","cohort requirements","number_subjects",NA,"count","integer","92","reason_id","2"
7,"OHDSI Postgres server","cohort_name","major_non_cardiac_surgery","reason","cohort requirements","excluded_records",NA,"count","integer","0","reason_id","2"
7,"OHDSI Postgres server","cohort_name","major_non_cardiac_surgery","reason","cohort requirements","excluded_subjects",NA,"count","integer","0","reason_id","2"
7,"OHDSI Postgres server","cohort_name","major_non_cardiac_surgery","reason","Overlapping records collapsed","number_records",NA,"count","integer","104","reason_id","3"
7,"OHDSI Postgres server","cohort_name","major_non_cardiac_surgery","reason","Overlapping records collapsed","number_subjects",NA,"count","integer","92","reason_id","3"
7,"OHDSI Postgres server","cohort_name","major_non_cardiac_surgery","reason","Overlapping records collapsed","excluded_records",NA,"count","integer","34","reason_id","3"
7,"OHDSI Postgres server","cohort_name","major_non_cardiac_surgery","reason","Overlapping records collapsed","excluded_subjects",NA,"count","integer","0","reason_id","3"
8,"OHDSI Postgres server","cohort_name","neutrophil_absolute_count","reason","Initial qualifying events","number_records",NA,"count","integer","0","reason_id","1"
8,"OHDSI Postgres server","cohort_name","neutrophil_absolute_count","reason","Initial qualifying events","number_subjects",NA,"count","integer","0","reason_id","1"
8,"OHDSI Postgres server","cohort_name","neutrophil_absolute_count","reason","Initial qualifying events","excluded_records",NA,"count","integer","0","reason_id","1"
8,"OHDSI Postgres server","cohort_name","neutrophil_absolute_count","reason","Initial qualifying events","excluded_subjects",NA,"count","integer","0","reason_id","1"
8,"OHDSI Postgres server","cohort_name","neutrophil_absolute_count","reason","cohort requirements","number_records",NA,"count","integer","0","reason_id","2"
8,"OHDSI Postgres server","cohort_name","neutrophil_absolute_count","reason","cohort requirements","number_subjects",NA,"count","integer","0","reason_id","2"
8,"OHDSI Postgres server","cohort_name","neutrophil_absolute_count","reason","cohort requirements","excluded_records",NA,"count","integer","0","reason_id","2"
8,"OHDSI Postgres server","cohort_name","neutrophil_absolute_count","reason","cohort requirements","excluded_subjects",NA,"count","integer","0","reason_id","2"
8,"OHDSI Postgres server","cohort_name","neutrophil_absolute_count","reason","Overlapping records collapsed","number_records",NA,"count","integer","0","reason_id","3"
8,"OHDSI Postgres server","cohort_name","neutrophil_absolute_count","reason","Overlapping records collapsed","number_subjects",NA,"count","integer","0","reason_id","3"
8,"OHDSI Postgres server","cohort_name","neutrophil_absolute_count","reason","Overlapping records collapsed","excluded_records",NA,"count","integer","0","reason_id","3"
8,"OHDSI Postgres server","cohort_name","neutrophil_absolute_count","reason","Overlapping records collapsed","excluded_subjects",NA,"count","integer","0","reason_id","3"
9,"OHDSI Postgres server","cohort_name","essential_hypertension","overall","overall","number_records",NA,"count","integer","6361","overall","overall"
9,"OHDSI Postgres server","cohort_name","essential_hypertension","overall","overall","number_subjects",NA,"count","integer","755","overall","overall"
10,"OHDSI Postgres server","cohort_name","howoften_beta_blockers","overall","overall","number_records",NA,"count","integer","1893","overall","overall"
10,"OHDSI Postgres server","cohort_name","howoften_beta_blockers","overall","overall","number_subjects",NA,"count","integer","542","overall","overall"
11,"OHDSI Postgres server","cohort_name","major_non_cardiac_surgery","overall","overall","number_records",NA,"count","integer","104","overall","overall"
11,"OHDSI Postgres server","cohort_name","major_non_cardiac_surgery","overall","overall","number_subjects",NA,"count","integer","92","overall","overall"
12,"OHDSI Postgres server","cohort_name","neutrophil_absolute_count","overall","overall","number_records",NA,"count","integer","0","overall","overall"
12,"OHDSI Postgres server","cohort_name","neutrophil_absolute_count","overall","overall","number_subjects",NA,"count","integer","0","overall","overall"
13,"OHDSI Postgres server","cohort_name","essential_hypertension","reason","Initial qualifying events","number_records",NA,"count","integer","10381","reason_id","1"
13,"OHDSI Postgres server","cohort_name","essential_hypertension","reason","Initial qualifying events","number_subjects",NA,"count","integer","755","reason_id","1"
13,"OHDSI Postgres server","cohort_name","essential_hypertension","reason","Initial qualifying events","excluded_records",NA,"count","integer","0","reason_id","1"
13,"OHDSI Postgres server","cohort_name","essential_hypertension","reason","Initial qualifying events","excluded_subjects",NA,"count","integer","0","reason_id","1"
13,"OHDSI Postgres server","cohort_name","essential_hypertension","reason","cohort requirements","number_records",NA,"count","integer","10381","reason_id","2"
13,"OHDSI Postgres server","cohort_name","essential_hypertension","reason","cohort requirements","number_subjects",NA,"count","integer","755","reason_id","2"
13,"OHDSI Postgres server","cohort_name","essential_hypertension","reason","cohort requirements","excluded_records",NA,"count","integer","0","reason_id","2"
13,"OHDSI Postgres server","cohort_name","essential_hypertension","reason","cohort requirements","excluded_subjects",NA,"count","integer","0","reason_id","2"
13,"OHDSI Postgres server","cohort_name","essential_hypertension","reason","Overlapping records collapsed","number_records",NA,"count","integer","6361","reason_id","3"
13,"OHDSI Postgres server","cohort_name","essential_hypertension","reason","Overlapping records collapsed","number_subjects",NA,"count","integer","755","reason_id","3"
13,"OHDSI Postgres server","cohort_name","essential_hypertension","reason","Overlapping records collapsed","excluded_records",NA,"count","integer","4020","reason_id","3"
13,"OHDSI Postgres server","cohort_name","essential_hypertension","reason","Overlapping records collapsed","excluded_subjects",NA,"count","integer","0","reason_id","3"
14,"OHDSI Postgres server","cohort_name","howoften_beta_blockers","reason","Initial qualifying events","number_records",NA,"count","integer","2277","reason_id","1"
14,"OHDSI Postgres server","cohort_name","howoften_beta_blockers","reason","Initial qualifying events","number_subjects",NA,"count","integer","542","reason_id","1"
14,"OHDSI Postgres server","cohort_name","howoften_beta_blockers","reason","Initial qualifying events","excluded_records",NA,"count","integer","0","reason_id","1"
14,"OHDSI Postgres server","cohort_name","howoften_beta_blockers","reason","Initial qualifying events","excluded_subjects",NA,"count","integer","0","reason_id","1"
14,"OHDSI Postgres server","cohort_name","howoften_beta_blockers","reason","cohort requirements","number_records",NA,"count","integer","2277","reason_id","2"
14,"OHDSI Postgres server","cohort_name","howoften_beta_blockers","reason","cohort requirements","number_subjects",NA,"count","integer","542","reason_id","2"
14,"OHDSI Postgres server","cohort_name","howoften_beta_blockers","reason","cohort requirements","excluded_records",NA,"count","integer","0","reason_id","2"
14,"OHDSI Postgres server","cohort_name","howoften_beta_blockers","reason","cohort requirements","excluded_subjects",NA,"count","integer","0","reason_id","2"
14,"OHDSI Postgres server","cohort_name","howoften_beta_blockers","reason","Overlapping records collapsed","number_records",NA,"count","integer","1893","reason_id","3"
14,"OHDSI Postgres server","cohort_name","howoften_beta_blockers","reason","Overlapping records collapsed","number_subjects",NA,"count","integer","542","reason_id","3"
14,"OHDSI Postgres server","cohort_name","howoften_beta_blockers","reason","Overlapping records collapsed","excluded_records",NA,"count","integer","384","reason_id","3"
14,"OHDSI Postgres server","cohort_name","howoften_beta_blockers","reason","Overlapping records collapsed","excluded_subjects",NA,"count","integer","0","reason_id","3"
15,"OHDSI Postgres server","cohort_name","major_non_cardiac_surgery","reason","Initial qualifying events","number_records",NA,"count","integer","138","reason_id","1"
15,"OHDSI Postgres server","cohort_name","major_non_cardiac_surgery","reason","Initial qualifying events","number_subjects",NA,"count","integer","92","reason_id","1"
15,"OHDSI Postgres server","cohort_name","major_non_cardiac_surgery","reason","Initial qualifying events","excluded_records",NA,"count","integer","0","reason_id","1"
15,"OHDSI Postgres server","cohort_name","major_non_cardiac_surgery","reason","Initial qualifying events","excluded_subjects",NA,"count","integer","0","reason_id","1"
15,"OHDSI Postgres server","cohort_name","major_non_cardiac_surgery","reason","cohort requirements","number_records",NA,"count","integer","138","reason_id","2"
15,"OHDSI Postgres server","cohort_name","major_non_cardiac_surgery","reason","cohort requirements","number_subjects",NA,"count","integer","92","reason_id","2"
15,"OHDSI Postgres server","cohort_name","major_non_cardiac_surgery","reason","cohort requirements","excluded_records",NA,"count","integer","0","reason_id","2"
15,"OHDSI Postgres server","cohort_name","major_non_cardiac_surgery","reason","cohort requirements","excluded_subjects",NA,"count","integer","0","reason_id","2"
15,"OHDSI Postgres server","cohort_name","major_non_cardiac_surgery","reason","Overlapping records collapsed","number_records",NA,"count","integer","104","reason_id","3"
15,"OHDSI Postgres server","cohort_name","major_non_cardiac_surgery","reason","Overlapping records collapsed","number_subjects",NA,"count","integer","92","reason_id","3"
15,"OHDSI Postgres server","cohort_name","major_non_cardiac_surgery","reason","Overlapping records collapsed","excluded_records",NA,"count","integer","34","reason_id","3"
15,"OHDSI Postgres server","cohort_name","major_non_cardiac_surgery","reason","Overlapping records collapsed","excluded_subjects",NA,"count","integer","0","reason_id","3"
16,"OHDSI Postgres server","cohort_name","neutrophil_absolute_count","reason","Initial qualifying events","number_records",NA,"count","integer","0","reason_id","1"
16,"OHDSI Postgres server","cohort_name","neutrophil_absolute_count","reason","Initial qualifying events","number_subjects",NA,"count","integer","0","reason_id","1"
16,"OHDSI Postgres server","cohort_name","neutrophil_absolute_count","reason","Initial qualifying events","excluded_records",NA,"count","integer","0","reason_id","1"
16,"OHDSI Postgres server","cohort_name","neutrophil_absolute_count","reason","Initial qualifying events","excluded_subjects",NA,"count","integer","0","reason_id","1"
16,"OHDSI Postgres server","cohort_name","neutrophil_absolute_count","reason","cohort requirements","number_records",NA,"count","integer","0","reason_id","2"
16,"OHDSI Postgres server","cohort_name","neutrophil_absolute_count","reason","cohort requirements","number_subjects",NA,"count","integer","0","reason_id","2"
16,"OHDSI Postgres server","cohort_name","neutrophil_absolute_count","reason","cohort requirements","excluded_records",NA,"count","integer","0","reason_id","2"
16,"OHDSI Postgres server","cohort_name","neutrophil_absolute_count","reason","cohort requirements","excluded_subjects",NA,"count","integer","0","reason_id","2"
16,"OHDSI Postgres server","cohort_name","neutrophil_absolute_count","reason","Overlapping records collapsed","number_records",NA,"count","integer","0","reason_id","3"
16,"OHDSI Postgres server","cohort_name","neutrophil_absolute_count","reason","Overlapping records collapsed","number_subjects",NA,"count","integer","0","reason_id","3"
16,"OHDSI Postgres server","cohort_name","neutrophil_absolute_count","reason","Overlapping records collapsed","excluded_records",NA,"count","integer","0","reason_id","3"
16,"OHDSI Postgres server","cohort_name","neutrophil_absolute_count","reason","Overlapping records collapsed","excluded_subjects",NA,"count","integer","0","reason_id","3"
1,NA,"overall","overall","overall","overall","settings",NA,"cohort_definition_id","integer","1","overall","overall"
1,NA,"overall","overall","overall","overall","settings",NA,"cohort_name","character","essential_hypertension","overall","overall"
1,NA,"overall","overall","overall","overall","settings",NA,"cdm_version","character","5.3","overall","overall"
1,NA,"overall","overall","overall","overall","settings",NA,"vocabulary_version","character","v5.0 29-APR-16","overall","overall"
1,NA,"overall","overall","overall","overall","settings",NA,"table_name","character","index_4","overall","overall"
1,NA,"overall","overall","overall","overall","settings",NA,"result_type","character","cohort_count","overall","overall"
1,NA,"overall","overall","overall","overall","settings",NA,"package_name","character","omopgenerics","overall","overall"
1,NA,"overall","overall","overall","overall","settings",NA,"package_version","character","0.3.0","overall","overall"
1,NA,"overall","overall","overall","overall","settings",NA,"min_cell_count","integer","5","overall","overall"
2,NA,"overall","overall","overall","overall","settings",NA,"cohort_definition_id","integer","2","overall","overall"
2,NA,"overall","overall","overall","overall","settings",NA,"cohort_name","character","howoften_beta_blockers","overall","overall"
2,NA,"overall","overall","overall","overall","settings",NA,"cdm_version","character","5.3","overall","overall"
2,NA,"overall","overall","overall","overall","settings",NA,"vocabulary_version","character","v5.0 29-APR-16","overall","overall"
2,NA,"overall","overall","overall","overall","settings",NA,"table_name","character","index_4","overall","overall"
2,NA,"overall","overall","overall","overall","settings",NA,"result_type","character","cohort_count","overall","overall"
2,NA,"overall","overall","overall","overall","settings",NA,"package_name","character","omopgenerics","overall","overall"
2,NA,"overall","overall","overall","overall","settings",NA,"package_version","character","0.3.0","overall","overall"
2,NA,"overall","overall","overall","overall","settings",NA,"min_cell_count","integer","5","overall","overall"
3,NA,"overall","overall","overall","overall","settings",NA,"cohort_definition_id","integer","3","overall","overall"
3,NA,"overall","overall","overall","overall","settings",NA,"cohort_name","character","major_non_cardiac_surgery","overall","overall"
3,NA,"overall","overall","overall","overall","settings",NA,"cdm_version","character","5.3","overall","overall"
3,NA,"overall","overall","overall","overall","settings",NA,"vocabulary_version","character","v5.0 29-APR-16","overall","overall"
3,NA,"overall","overall","overall","overall","settings",NA,"table_name","character","index_4","overall","overall"
3,NA,"overall","overall","overall","overall","settings",NA,"result_type","character","cohort_count","overall","overall"
3,NA,"overall","overall","overall","overall","settings",NA,"package_name","character","omopgenerics","overall","overall"
3,NA,"overall","overall","overall","overall","settings",NA,"package_version","character","0.3.0","overall","overall"
3,NA,"overall","overall","overall","overall","settings",NA,"min_cell_count","integer","5","overall","overall"
4,NA,"overall","overall","overall","overall","settings",NA,"cohort_definition_id","integer","4","overall","overall"
4,NA,"overall","overall","overall","overall","settings",NA,"cohort_name","character","neutrophil_absolute_count","overall","overall"
4,NA,"overall","overall","overall","overall","settings",NA,"cdm_version","character","5.3","overall","overall"
4,NA,"overall","overall","overall","overall","settings",NA,"vocabulary_version","character","v5.0 29-APR-16","overall","overall"
4,NA,"overall","overall","overall","overall","settings",NA,"table_name","character","index_4","overall","overall"
4,NA,"overall","overall","overall","overall","settings",NA,"result_type","character","cohort_count","overall","overall"
4,NA,"overall","overall","overall","overall","settings",NA,"package_name","character","omopgenerics","overall","overall"
4,NA,"overall","overall","overall","overall","settings",NA,"package_version","character","0.3.0","overall","overall"
4,NA,"overall","overall","overall","overall","settings",NA,"min_cell_count","integer","5","overall","overall"
5,NA,"overall","overall","overall","overall","settings",NA,"cohort_definition_id","integer","1","overall","overall"
5,NA,"overall","overall","overall","overall","settings",NA,"cohort_name","character","essential_hypertension","overall","overall"
5,NA,"overall","overall","overall","overall","settings",NA,"cdm_version","character","5.3","overall","overall"
5,NA,"overall","overall","overall","overall","settings",NA,"vocabulary_version","character","v5.0 29-APR-16","overall","overall"
5,NA,"overall","overall","overall","overall","settings",NA,"table_name","character","index_4","overall","overall"
5,NA,"overall","overall","overall","overall","settings",NA,"result_type","character","cohort_attrition","overall","overall"
5,NA,"overall","overall","overall","overall","settings",NA,"package_name","character","omopgenerics","overall","overall"
5,NA,"overall","overall","overall","overall","settings",NA,"package_version","character","0.3.0","overall","overall"
5,NA,"overall","overall","overall","overall","settings",NA,"min_cell_count","integer","5","overall","overall"
6,NA,"overall","overall","overall","overall","settings",NA,"cohort_definition_id","integer","2","overall","overall"
6,NA,"overall","overall","overall","overall","settings",NA,"cohort_name","character","howoften_beta_blockers","overall","overall"
6,NA,"overall","overall","overall","overall","settings",NA,"cdm_version","character","5.3","overall","overall"
6,NA,"overall","overall","overall","overall","settings",NA,"vocabulary_version","character","v5.0 29-APR-16","overall","overall"
6,NA,"overall","overall","overall","overall","settings",NA,"table_name","character","index_4","overall","overall"
6,NA,"overall","overall","overall","overall","settings",NA,"result_type","character","cohort_attrition","overall","overall"
6,NA,"overall","overall","overall","overall","settings",NA,"package_name","character","omopgenerics","overall","overall"
6,NA,"overall","overall","overall","overall","settings",NA,"package_version","character","0.3.0","overall","overall"
6,NA,"overall","overall","overall","overall","settings",NA,"min_cell_count","integer","5","overall","overall"
7,NA,"overall","overall","overall","overall","settings",NA,"cohort_definition_id","integer","3","overall","overall"
7,NA,"overall","overall","overall","overall","settings",NA,"cohort_name","character","major_non_cardiac_surgery","overall","overall"
7,NA,"overall","overall","overall","overall","settings",NA,"cdm_version","character","5.3","overall","overall"
7,NA,"overall","overall","overall","overall","settings",NA,"vocabulary_version","character","v5.0 29-APR-16","overall","overall"
7,NA,"overall","overall","overall","overall","settings",NA,"table_name","character","index_4","overall","overall"
7,NA,"overall","overall","overall","overall","settings",NA,"result_type","character","cohort_attrition","overall","overall"
7,NA,"overall","overall","overall","overall","settings",NA,"package_name","character","omopgenerics","overall","overall"
7,NA,"overall","overall","overall","overall","settings",NA,"package_version","character","0.3.0","overall","overall"
7,NA,"overall","overall","overall","overall","settings",NA,"min_cell_count","integer","5","overall","overall"
8,NA,"overall","overall","overall","overall","settings",NA,"cohort_definition_id","integer","4","overall","overall"
8,NA,"overall","overall","overall","overall","settings",NA,"cohort_name","character","neutrophil_absolute_count","overall","overall"
8,NA,"overall","overall","overall","overall","settings",NA,"cdm_version","character","5.3","overall","overall"
8,NA,"overall","overall","overall","overall","settings",NA,"vocabulary_version","character","v5.0 29-APR-16","overall","overall"
8,NA,"overall","overall","overall","overall","settings",NA,"table_name","character","index_4","overall","overall"
8,NA,"overall","overall","overall","overall","settings",NA,"result_type","character","cohort_attrition","overall","overall"
8,NA,"overall","overall","overall","overall","settings",NA,"package_name","character","omopgenerics","overall","overall"
8,NA,"overall","overall","overall","overall","settings",NA,"package_version","character","0.3.0","overall","overall"
8,NA,"overall","overall","overall","overall","settings",NA,"min_cell_count","integer","5","overall","overall"
9,NA,"overall","overall","overall","overall","settings",NA,"cohort_definition_id","integer","1","overall","overall"
9,NA,"overall","overall","overall","overall","settings",NA,"cohort_name","character","essential_hypertension","overall","overall"
9,NA,"overall","overall","overall","overall","settings",NA,"cdm_version","character","5.3","overall","overall"
9,NA,"overall","overall","overall","overall","settings",NA,"vocabulary_version","character","v5.0 29-APR-16","overall","overall"
9,NA,"overall","overall","overall","overall","settings",NA,"table_name","character","no_index_4","overall","overall"
9,NA,"overall","overall","overall","overall","settings",NA,"result_type","character","cohort_count","overall","overall"
9,NA,"overall","overall","overall","overall","settings",NA,"package_name","character","omopgenerics","overall","overall"
9,NA,"overall","overall","overall","overall","settings",NA,"package_version","character","0.3.0","overall","overall"
9,NA,"overall","overall","overall","overall","settings",NA,"min_cell_count","integer","5","overall","overall"
10,NA,"overall","overall","overall","overall","settings",NA,"cohort_definition_id","integer","2","overall","overall"
10,NA,"overall","overall","overall","overall","settings",NA,"cohort_name","character","howoften_beta_blockers","overall","overall"
10,NA,"overall","overall","overall","overall","settings",NA,"cdm_version","character","5.3","overall","overall"
10,NA,"overall","overall","overall","overall","settings",NA,"vocabulary_version","character","v5.0 29-APR-16","overall","overall"
10,NA,"overall","overall","overall","overall","settings",NA,"table_name","character","no_index_4","overall","overall"
10,NA,"overall","overall","overall","overall","settings",NA,"result_type","character","cohort_count","overall","overall"
10,NA,"overall","overall","overall","overall","settings",NA,"package_name","character","omopgenerics","overall","overall"
10,NA,"overall","overall","overall","overall","settings",NA,"package_version","character","0.3.0","overall","overall"
10,NA,"overall","overall","overall","overall","settings",NA,"min_cell_count","integer","5","overall","overall"
11,NA,"overall","overall","overall","overall","settings",NA,"cohort_definition_id","integer","3","overall","overall"
11,NA,"overall","overall","overall","overall","settings",NA,"cohort_name","character","major_non_cardiac_surgery","overall","overall"
11,NA,"overall","overall","overall","overall","settings",NA,"cdm_version","character","5.3","overall","overall"
11,NA,"overall","overall","overall","overall","settings",NA,"vocabulary_version","character","v5.0 29-APR-16","overall","overall"
11,NA,"overall","overall","overall","overall","settings",NA,"table_name","character","no_index_4","overall","overall"
11,NA,"overall","overall","overall","overall","settings",NA,"result_type","character","cohort_count","overall","overall"
11,NA,"overall","overall","overall","overall","settings",NA,"package_name","character","omopgenerics","overall","overall"
11,NA,"overall","overall","overall","overall","settings",NA,"package_version","character","0.3.0","overall","overall"
11,NA,"overall","overall","overall","overall","settings",NA,"min_cell_count","integer","5","overall","overall"
12,NA,"overall","overall","overall","overall","settings",NA,"cohort_definition_id","integer","4","overall","overall"
12,NA,"overall","overall","overall","overall","settings",NA,"cohort_name","character","neutrophil_absolute_count","overall","overall"
12,NA,"overall","overall","overall","overall","settings",NA,"cdm_version","character","5.3","overall","overall"
12,NA,"overall","overall","overall","overall","settings",NA,"vocabulary_version","character","v5.0 29-APR-16","overall","overall"
12,NA,"overall","overall","overall","overall","settings",NA,"table_name","character","no_index_4","overall","overall"
12,NA,"overall","overall","overall","overall","settings",NA,"result_type","character","cohort_count","overall","overall"
12,NA,"overall","overall","overall","overall","settings",NA,"package_name","character","omopgenerics","overall","overall"
12,NA,"overall","overall","overall","overall","settings",NA,"package_version","character","0.3.0","overall","overall"
12,NA,"overall","overall","overall","overall","settings",NA,"min_cell_count","integer","5","overall","overall"
13,NA,"overall","overall","overall","overall","settings",NA,"cohort_definition_id","integer","1","overall","overall"
13,NA,"overall","overall","overall","overall","settings",NA,"cohort_name","character","essential_hypertension","overall","overall"
13,NA,"overall","overall","overall","overall","settings",NA,"cdm_version","character","5.3","overall","overall"
13,NA,"overall","overall","overall","overall","settings",NA,"vocabulary_version","character","v5.0 29-APR-16","overall","overall"
13,NA,"overall","overall","overall","overall","settings",NA,"table_name","character","no_index_4","overall","overall"
13,NA,"overall","overall","overall","overall","settings",NA,"result_type","character","cohort_attrition","overall","overall"
13,NA,"overall","overall","overall","overall","settings",NA,"package_name","character","omopgenerics","overall","overall"
13,NA,"overall","overall","overall","overall","settings",NA,"package_version","character","0.3.0","overall","overall"
13,NA,"overall","overall","overall","overall","settings",NA,"min_cell_count","integer","5","overall","overall"
14,NA,"overall","overall","overall","overall","settings",NA,"cohort_definition_id","integer","2","overall","overall"
14,NA,"overall","overall","overall","overall","settings",NA,"cohort_name","character","howoften_beta_blockers","overall","overall"
14,NA,"overall","overall","overall","overall","settings",NA,"cdm_version","character","5.3","overall","overall"
14,NA,"overall","overall","overall","overall","settings",NA,"vocabulary_version","character","v5.0 29-APR-16","overall","overall"
14,NA,"overall","overall","overall","overall","settings",NA,"table_name","character","no_index_4","overall","overall"
14,NA,"overall","overall","overall","overall","settings",NA,"result_type","character","cohort_attrition","overall","overall"
14,NA,"overall","overall","overall","overall","settings",NA,"package_name","character","omopgenerics","overall","overall"
14,NA,"overall","overall","overall","overall","settings",NA,"package_version","character","0.3.0","overall","overall"
14,NA,"overall","overall","overall","overall","settings",NA,"min_cell_count","integer","5","overall","overall"
15,NA,"overall","overall","overall","overall","settings",NA,"cohort_definition_id","integer","3","overall","overall"
15,NA,"overall","overall","overall","overall","settings",NA,"cohort_name","character","major_non_cardiac_surgery","overall","overall"
15,NA,"overall","overall","overall","overall","settings",NA,"cdm_version","character","5.3","overall","overall"
15,NA,"overall","overall","overall","overall","settings",NA,"vocabulary_version","character","v5.0 29-APR-16","overall","overall"
15,NA,"overall","overall","overall","overall","settings",NA,"table_name","character","no_index_4","overall","overall"
15,NA,"overall","overall","overall","overall","settings",NA,"result_type","character","cohort_attrition","overall","overall"
15,NA,"overall","overall","overall","overall","settings",NA,"package_name","character","omopgenerics","overall","overall"
15,NA,"overall","overall","overall","overall","settings",NA,"package_version","character","0.3.0","overall","overall"
15,NA,"overall","overall","overall","overall","settings",NA,"min_cell_count","integer","5","overall","overall"
16,NA,"overall","overall","overall","overall","settings",NA,"cohort_definition_id","integer","4","overall","overall"
16,NA,"overall","overall","overall","overall","settings",NA,"cohort_name","character","neutrophil_absolute_count","overall","overall"
16,NA,"overall","overall","overall","overall","settings",NA,"cdm_version","character","5.3","overall","overall"
16,NA,"overall","overall","overall","overall","settings",NA,"vocabulary_version","character","v5.0 29-APR-16","overall","overall"
16,NA,"overall","overall","overall","overall","settings",NA,"table_name","character","no_index_4","overall","overall"
16,NA,"overall","overall","overall","overall","settings",NA,"result_type","character","cohort_attrition","overall","overall"
16,NA,"overall","overall","overall","overall","settings",NA,"package_name","character","omopgenerics","overall","overall"
16,NA,"overall","overall","overall","overall","settings",NA,"package_version","character","0.3.0","overall","overall"
16,NA,"overall","overall","overall","overall","settings",NA,"min_cell_count","integer","5","overall","overall"
