tic,toc,msg,callback_msg,cdm_name,package_version
362520.93,362575.75,No index: drug domain,No index: drug domain: 54.82 sec elapsed,OHDSI Postgres server,0.2.2
362575.75,362632.43,No index: drug and condition domains,No index: drug and condition domains: 56.68 sec elapsed,OHDSI Postgres server,0.2.2
362632.43,362692.75,"No index: drug, condition, procedure domains","No index: drug, condition, procedure domains: 60.32 sec elapsed",OHDSI Postgres server,0.2.2
362692.75,362754.5,"No index: drug, condition, procedure, and measurement domains","No index: drug, condition, procedure, and measurement domains: 61.75 sec elapsed",OHDSI Postgres server,0.2.2
362754.5,362809.62,Index: drug domain,Index: drug domain: 55.12 sec elapsed,OHDSI Postgres server,0.2.2
362809.62,362866.7,Index: drug and condition domains,Index: drug and condition domains: 57.08 sec elapsed,OHDSI Postgres server,0.2.2
362866.7,362927.42,"Index: drug, condition, procedure domains","Index: drug, condition, procedure domains: 60.72 sec elapsed",OHDSI Postgres server,0.2.2
362927.42,362990.15,"Index: drug, condition, procedure, and measurement domains","Index: drug, condition, procedure, and measurement domains: 62.73 sec elapsed",OHDSI Postgres server,0.2.2
