tic,toc,msg,callback_msg,cdm_name,package_version
416897.37,416930.4,atlas_asthma_no_copd,atlas_asthma_no_copd: 33.03 sec elapsed,OHDSI redshift,0.2.2
416930.4,416965.06,atlas_beta_blockers_hypertension,atlas_beta_blockers_hypertension: 34.66 sec elapsed,OHDSI redshift,0.2.2
416965.06,416995.93,atlas_covid,atlas_covid: 30.87 sec elapsed,OHDSI redshift,0.2.2
416995.93,417024.37,atlas_covid_female,atlas_covid_female: 28.44 sec elapsed,OHDSI redshift,0.2.2
417024.37,417053.7,atlas_covid_female_0_to_50,atlas_covid_female_0_to_50: 29.33 sec elapsed,OHDSI redshift,0.2.2
417053.7,417082.64,atlas_covid_female_51_to_150,atlas_covid_female_51_to_150: 28.94 sec elapsed,OHDSI redshift,0.2.2
417082.64,417111.15,atlas_covid_male,atlas_covid_male: 28.51 sec elapsed,OHDSI redshift,0.2.2
417111.17,417139.45,atlas_covid_male_0_to_50,atlas_covid_male_0_to_50: 28.28 sec elapsed,OHDSI redshift,0.2.2
417139.45,417168.59,atlas_covid_male_51_to_150,atlas_covid_male_51_to_150: 29.14 sec elapsed,OHDSI redshift,0.2.2
417168.59,417203.6,atlas_endometriosis_procedure,atlas_endometriosis_procedure: 35.01 sec elapsed,OHDSI redshift,0.2.2
417203.6,417232.95,atlas_hospitalisation,atlas_hospitalisation: 29.35 sec elapsed,OHDSI redshift,0.2.2
417232.95,417296.45,atlas_major_non_cardiac_surgery,atlas_major_non_cardiac_surgery: 63.5 sec elapsed,OHDSI redshift,0.2.2
417296.45,417334.1,atlas_neutropenia_leukopenia,atlas_neutropenia_leukopenia: 37.65 sec elapsed,OHDSI redshift,0.2.2
417334.1,417364.67,atlas_new_fluoroquinolone,atlas_new_fluoroquinolone: 30.57 sec elapsed,OHDSI redshift,0.2.2
417364.67,417396.35,atlas_transverse_myelitis,atlas_transverse_myelitis: 31.68 sec elapsed,OHDSI redshift,0.2.2
