tic,toc,msg,callback_msg,cdm_name,package_version
417396.39,417729.71,cc_asthma_no_copd,cc_asthma_no_copd: 333.32 sec elapsed,OHDSI redshift,0.2.2
417729.71,418046.39,cc_beta_blockers_hypertension,cc_beta_blockers_hypertension: 316.68 sec elapsed,OHDSI redshift,0.2.2
418046.39,418253.53,cc_covid,cc_covid: 207.14 sec elapsed,OHDSI redshift,0.2.2
418253.54,418578.65,cc_endometriosis_procedure,cc_endometriosis_procedure: 325.11 sec elapsed,OHDSI redshift,0.2.2
418578.65,418722.98,cc_hospitalisation,cc_hospitalisation: 144.33 sec elapsed,OHDSI redshift,0.2.2
418722.98,418917.51,cc_major_non_cardiac_surgery,cc_major_non_cardiac_surgery: 194.53 sec elapsed,OHDSI redshift,0.2.2
418917.51,419281.71,cc_neutropenia_leukopenia,cc_neutropenia_leukopenia: 364.2 sec elapsed,OHDSI redshift,0.2.2
419281.71,419509.98,cc_new_fluoroquinolone,cc_new_fluoroquinolone: 228.27 sec elapsed,OHDSI redshift,0.2.2
419509.98,419780.78,cc_transverse_myelitis,cc_transverse_myelitis: 270.8 sec elapsed,OHDSI redshift,0.2.2
419780.78,419879.48,cc_covid_female,cc_covid_female: 98.7 sec elapsed,OHDSI redshift,0.2.2
419879.48,419937.26,cc_covid_male,cc_covid_male: 57.78 sec elapsed,OHDSI redshift,0.2.2
419937.26,420055.81,cc_covid_female_0_to_50,cc_covid_female_0_to_50: 118.55 sec elapsed,OHDSI redshift,0.2.2
420055.81,420159.53,cc_covid_female_51_to_150,cc_covid_female_51_to_150: 103.72 sec elapsed,OHDSI redshift,0.2.2
420159.53,420262.51,cc_covid_male_0_to_50,cc_covid_male_0_to_50: 102.98 sec elapsed,OHDSI redshift,0.2.2
420262.51,420365.35,cc_covid_male_51_to_150,cc_covid_male_51_to_150: 102.84 sec elapsed,OHDSI redshift,0.2.2
