tic,toc,msg,callback_msg,cdm_name,package_version
1294.4,194577.89,atlas_asthma_no_copd,atlas_asthma_no_copd: 193283.49 sec elapsed,AurumCDM_202403,0.2.2
194577.89,194847.92,atlas_beta_blockers_hypertension,atlas_beta_blockers_hypertension: 270.03 sec elapsed,AurumCDM_202403,0.2.2
194847.92,195212.54,atlas_covid,atlas_covid: 364.62 sec elapsed,AurumCDM_202403,0.2.2
195212.54,195391.73,atlas_covid_female,atlas_covid_female: 179.19 sec elapsed,AurumCDM_202403,0.2.2
195391.73,195518.68,atlas_covid_female_0_to_50,atlas_covid_female_0_to_50: 126.95 sec elapsed,AurumCDM_202403,0.2.2
195518.68,195617,atlas_covid_female_51_to_150,atlas_covid_female_51_to_150: 98.32 sec elapsed,AurumCDM_202403,0.2.2
195617,195719.12,atlas_covid_male,atlas_covid_male: 102.12 sec elapsed,AurumCDM_202403,0.2.2
195719.12,195837.31,atlas_covid_male_0_to_50,atlas_covid_male_0_to_50: 118.19 sec elapsed,AurumCDM_202403,0.2.2
195837.31,195936.37,atlas_covid_male_51_to_150,atlas_covid_male_51_to_150: 99.06 sec elapsed,AurumCDM_202403,0.2.2
195936.37,195943.68,atlas_endometriosis_procedure,atlas_endometriosis_procedure: 7.31 sec elapsed,AurumCDM_202403,0.2.2
195943.68,195947.37,atlas_hospitalisation,atlas_hospitalisation: 3.69 sec elapsed,AurumCDM_202403,0.2.2
195947.37,196423.04,atlas_major_non_cardiac_surgery,atlas_major_non_cardiac_surgery: 475.67 sec elapsed,AurumCDM_202403,0.2.2
196423.04,198788.25,atlas_neutropenia_leukopenia,atlas_neutropenia_leukopenia: 2365.21 sec elapsed,AurumCDM_202403,0.2.2
198788.25,199105.23,atlas_new_fluoroquinolone,atlas_new_fluoroquinolone: 316.98 sec elapsed,AurumCDM_202403,0.2.2
199105.23,199305.03,atlas_transverse_myelitis,atlas_transverse_myelitis: 199.8 sec elapsed,AurumCDM_202403,0.2.2
