tic,toc,msg,callback_msg,cdm_name,package_version
199305.2,202845.48,cc_asthma_no_copd,cc_asthma_no_copd: 3540.28 sec elapsed,AurumCDM_202403,0.2.2
202845.48,203715.35,cc_beta_blockers_hypertension,cc_beta_blockers_hypertension: 869.87 sec elapsed,AurumCDM_202403,0.2.2
203715.35,204196.5,cc_covid,cc_covid: 481.15 sec elapsed,AurumCDM_202403,0.2.2
204196.5,204300.85,cc_endometriosis_procedure,cc_endometriosis_procedure: 104.35 sec elapsed,AurumCDM_202403,0.2.2
204300.85,204316.12,cc_hospitalisation,cc_hospitalisation: 15.27 sec elapsed,AurumCDM_202403,0.2.2
204316.12,204453.53,cc_major_non_cardiac_surgery,cc_major_non_cardiac_surgery: 137.41 sec elapsed,AurumCDM_202403,0.2.2
204453.53,206606.46,cc_neutropenia_leukopenia,cc_neutropenia_leukopenia: 2152.93 sec elapsed,AurumCDM_202403,0.2.2
206606.46,206852.17,cc_new_fluoroquinolone,cc_new_fluoroquinolone: 245.71 sec elapsed,AurumCDM_202403,0.2.2
206852.17,206969.23,cc_transverse_myelitis,cc_transverse_myelitis: 117.06 sec elapsed,AurumCDM_202403,0.2.2
206969.23,207001.15,cc_covid_female,cc_covid_female: 31.92 sec elapsed,AurumCDM_202403,0.2.2
207001.15,207031.81,cc_covid_male,cc_covid_male: 30.66 sec elapsed,AurumCDM_202403,0.2.2
207031.81,207093.53,cc_covid_female_0_to_50,cc_covid_female_0_to_50: 61.72 sec elapsed,AurumCDM_202403,0.2.2
207093.53,207143.37,cc_covid_female_51_to_150,cc_covid_female_51_to_150: 49.84 sec elapsed,AurumCDM_202403,0.2.2
207143.37,207201.48,cc_covid_male_0_to_50,cc_covid_male_0_to_50: 58.11 sec elapsed,AurumCDM_202403,0.2.2
207201.48,207251.51,cc_covid_male_51_to_150,cc_covid_male_51_to_150: 50.03 sec elapsed,AurumCDM_202403,0.2.2
