tic,toc,msg,callback_msg,cdm_name,package_version
280.87,650.53,atlas_asthma_no_copd,atlas_asthma_no_copd: 369.66 sec elapsed,CPRD Gold 100k,0.2.2
650.53,695.56,atlas_beta_blockers_hypertension,atlas_beta_blockers_hypertension: 45.03 sec elapsed,CPRD Gold 100k,0.2.2
695.56,3521.03,atlas_covid,atlas_covid: 2825.47 sec elapsed,CPRD Gold 100k,0.2.2
3521.03,5072.76,atlas_covid_female,atlas_covid_female: 1551.73 sec elapsed,CPRD Gold 100k,0.2.2
5072.76,6142.21,atlas_covid_female_0_to_50,atlas_covid_female_0_to_50: 1069.45 sec elapsed,CPRD Gold 100k,0.2.2
6142.21,6602.35,atlas_covid_female_51_to_150,atlas_covid_female_51_to_150: 460.14 sec elapsed,CPRD Gold 100k,0.2.2
6602.35,7837.67,atlas_covid_male,atlas_covid_male: 1235.32 sec elapsed,CPRD Gold 100k,0.2.2
7837.67,8636.28,atlas_covid_male_0_to_50,atlas_covid_male_0_to_50: 798.61 sec elapsed,CPRD Gold 100k,0.2.2
8636.28,9115.87,atlas_covid_male_51_to_150,atlas_covid_male_51_to_150: 479.59 sec elapsed,CPRD Gold 100k,0.2.2
9115.87,9159.75,atlas_endometriosis_procedure,atlas_endometriosis_procedure: 43.88 sec elapsed,CPRD Gold 100k,0.2.2
9159.75,9185.54,atlas_hospitalisation,atlas_hospitalisation: 25.79 sec elapsed,CPRD Gold 100k,0.2.2
9185.54,10134.14,atlas_major_non_cardiac_surgery,atlas_major_non_cardiac_surgery: 948.6 sec elapsed,CPRD Gold 100k,0.2.2
10134.14,10195.98,atlas_neutropenia_leukopenia,atlas_neutropenia_leukopenia: 61.84 sec elapsed,CPRD Gold 100k,0.2.2
10195.98,10248.93,atlas_new_fluoroquinolone,atlas_new_fluoroquinolone: 52.95 sec elapsed,CPRD Gold 100k,0.2.2
10248.93,10280.48,atlas_transverse_myelitis,atlas_transverse_myelitis: 31.55 sec elapsed,CPRD Gold 100k,0.2.2
