tic,toc,msg,callback_msg,cdm_name,package_version
156.17,266.65,cc_asthma_no_copd,cc_asthma_no_copd: 110.48 sec elapsed,CPRD Gold 100k,0.2.2
266.65,344.34,cc_beta_blockers_hypertension,cc_beta_blockers_hypertension: 77.69 sec elapsed,CPRD Gold 100k,0.2.2
344.34,409.76,cc_covid,cc_covid: 65.42 sec elapsed,CPRD Gold 100k,0.2.2
409.76,479.25,cc_endometriosis_procedure,cc_endometriosis_procedure: 69.49 sec elapsed,CPRD Gold 100k,0.2.2
479.25,507.04,cc_hospitalisation,cc_hospitalisation: 27.79 sec elapsed,CPRD Gold 100k,0.2.2
507.04,553.45,cc_major_non_cardiac_surgery,cc_major_non_cardiac_surgery: 46.41 sec elapsed,CPRD Gold 100k,0.2.2
553.45,642.82,cc_neutropenia_leukopenia,cc_neutropenia_leukopenia: 89.37 sec elapsed,CPRD Gold 100k,0.2.2
642.82,689.92,cc_new_fluoroquinolone,cc_new_fluoroquinolone: 47.1 sec elapsed,CPRD Gold 100k,0.2.2
689.92,747.21,cc_transverse_myelitis,cc_transverse_myelitis: 57.29 sec elapsed,CPRD Gold 100k,0.2.2
747.21,758.5,cc_covid_female,cc_covid_female: 11.29 sec elapsed,CPRD Gold 100k,0.2.2
758.5,769.87,cc_covid_male,cc_covid_male: 11.37 sec elapsed,CPRD Gold 100k,0.2.2
769.87,790.2,cc_covid_female_0_to_50,cc_covid_female_0_to_50: 20.33 sec elapsed,CPRD Gold 100k,0.2.2
790.2,810.71,cc_covid_female_51_to_150,cc_covid_female_51_to_150: 20.51 sec elapsed,CPRD Gold 100k,0.2.2
810.71,831.48,cc_covid_male_0_to_50,cc_covid_male_0_to_50: 20.77 sec elapsed,CPRD Gold 100k,0.2.2
831.48,851.81,cc_covid_male_51_to_150,cc_covid_male_51_to_150: 20.33 sec elapsed,CPRD Gold 100k,0.2.2
