"result_id","cdm_name","group_name","group_level","strata_name","strata_level","variable_name","variable_level","estimate_name","estimate_type","estimate_value","additional_name","additional_level"
1,"CPRD Gold 100k","cohort_name","essential_hypertension","overall","overall","number_records",NA,"count","integer","14157","overall","overall"
1,"CPRD Gold 100k","cohort_name","essential_hypertension","overall","overall","number_subjects",NA,"count","integer","7974","overall","overall"
2,"CPRD Gold 100k","cohort_name","howoften_beta_blockers","overall","overall","number_records",NA,"count","integer","252617","overall","overall"
2,"CPRD Gold 100k","cohort_name","howoften_beta_blockers","overall","overall","number_subjects",NA,"count","integer","11811","overall","overall"
3,"CPRD Gold 100k","cohort_name","major_non_cardiac_surgery","overall","overall","number_records",NA,"count","integer","5685","overall","overall"
3,"CPRD Gold 100k","cohort_name","major_non_cardiac_surgery","overall","overall","number_subjects",NA,"count","integer","4266","overall","overall"
4,"CPRD Gold 100k","cohort_name","neutrophil_absolute_count","overall","overall","number_records",NA,"count","integer","219374","overall","overall"
4,"CPRD Gold 100k","cohort_name","neutrophil_absolute_count","overall","overall","number_subjects",NA,"count","integer","41601","overall","overall"
5,"CPRD Gold 100k","cohort_name","essential_hypertension","reason","Initial qualifying events","number_records",NA,"count","integer","15009","reason_id","1"
5,"CPRD Gold 100k","cohort_name","essential_hypertension","reason","Initial qualifying events","number_subjects",NA,"count","integer","7974","reason_id","1"
5,"CPRD Gold 100k","cohort_name","essential_hypertension","reason","Initial qualifying events","excluded_records",NA,"count","integer","0","reason_id","1"
5,"CPRD Gold 100k","cohort_name","essential_hypertension","reason","Initial qualifying events","excluded_subjects",NA,"count","integer","0","reason_id","1"
5,"CPRD Gold 100k","cohort_name","essential_hypertension","reason","cohort requirements","number_records",NA,"count","integer","15009","reason_id","2"
5,"CPRD Gold 100k","cohort_name","essential_hypertension","reason","cohort requirements","number_subjects",NA,"count","integer","7974","reason_id","2"
5,"CPRD Gold 100k","cohort_name","essential_hypertension","reason","cohort requirements","excluded_records",NA,"count","integer","0","reason_id","2"
5,"CPRD Gold 100k","cohort_name","essential_hypertension","reason","cohort requirements","excluded_subjects",NA,"count","integer","0","reason_id","2"
5,"CPRD Gold 100k","cohort_name","essential_hypertension","reason","Overlapping records collapsed","number_records",NA,"count","integer","14157","reason_id","3"
5,"CPRD Gold 100k","cohort_name","essential_hypertension","reason","Overlapping records collapsed","number_subjects",NA,"count","integer","7974","reason_id","3"
5,"CPRD Gold 100k","cohort_name","essential_hypertension","reason","Overlapping records collapsed","excluded_records",NA,"count","integer","852","reason_id","3"
5,"CPRD Gold 100k","cohort_name","essential_hypertension","reason","Overlapping records collapsed","excluded_subjects",NA,"count","integer","0","reason_id","3"
6,"CPRD Gold 100k","cohort_name","howoften_beta_blockers","reason","Initial qualifying events","number_records",NA,"count","integer","414618","reason_id","1"
6,"CPRD Gold 100k","cohort_name","howoften_beta_blockers","reason","Initial qualifying events","number_subjects",NA,"count","integer","11811","reason_id","1"
6,"CPRD Gold 100k","cohort_name","howoften_beta_blockers","reason","Initial qualifying events","excluded_records",NA,"count","integer","0","reason_id","1"
6,"CPRD Gold 100k","cohort_name","howoften_beta_blockers","reason","Initial qualifying events","excluded_subjects",NA,"count","integer","0","reason_id","1"
6,"CPRD Gold 100k","cohort_name","howoften_beta_blockers","reason","cohort requirements","number_records",NA,"count","integer","414618","reason_id","2"
6,"CPRD Gold 100k","cohort_name","howoften_beta_blockers","reason","cohort requirements","number_subjects",NA,"count","integer","11811","reason_id","2"
6,"CPRD Gold 100k","cohort_name","howoften_beta_blockers","reason","cohort requirements","excluded_records",NA,"count","integer","0","reason_id","2"
6,"CPRD Gold 100k","cohort_name","howoften_beta_blockers","reason","cohort requirements","excluded_subjects",NA,"count","integer","0","reason_id","2"
6,"CPRD Gold 100k","cohort_name","howoften_beta_blockers","reason","Overlapping records collapsed","number_records",NA,"count","integer","252617","reason_id","3"
6,"CPRD Gold 100k","cohort_name","howoften_beta_blockers","reason","Overlapping records collapsed","number_subjects",NA,"count","integer","11811","reason_id","3"
6,"CPRD Gold 100k","cohort_name","howoften_beta_blockers","reason","Overlapping records collapsed","excluded_records",NA,"count","integer","162001","reason_id","3"
6,"CPRD Gold 100k","cohort_name","howoften_beta_blockers","reason","Overlapping records collapsed","excluded_subjects",NA,"count","integer","0","reason_id","3"
7,"CPRD Gold 100k","cohort_name","major_non_cardiac_surgery","reason","Initial qualifying events","number_records",NA,"count","integer","6656","reason_id","1"
7,"CPRD Gold 100k","cohort_name","major_non_cardiac_surgery","reason","Initial qualifying events","number_subjects",NA,"count","integer","4266","reason_id","1"
7,"CPRD Gold 100k","cohort_name","major_non_cardiac_surgery","reason","Initial qualifying events","excluded_records",NA,"count","integer","0","reason_id","1"
7,"CPRD Gold 100k","cohort_name","major_non_cardiac_surgery","reason","Initial qualifying events","excluded_subjects",NA,"count","integer","0","reason_id","1"
7,"CPRD Gold 100k","cohort_name","major_non_cardiac_surgery","reason","cohort requirements","number_records",NA,"count","integer","6656","reason_id","2"
7,"CPRD Gold 100k","cohort_name","major_non_cardiac_surgery","reason","cohort requirements","number_subjects",NA,"count","integer","4266","reason_id","2"
7,"CPRD Gold 100k","cohort_name","major_non_cardiac_surgery","reason","cohort requirements","excluded_records",NA,"count","integer","0","reason_id","2"
7,"CPRD Gold 100k","cohort_name","major_non_cardiac_surgery","reason","cohort requirements","excluded_subjects",NA,"count","integer","0","reason_id","2"
7,"CPRD Gold 100k","cohort_name","major_non_cardiac_surgery","reason","Overlapping records collapsed","number_records",NA,"count","integer","5685","reason_id","3"
7,"CPRD Gold 100k","cohort_name","major_non_cardiac_surgery","reason","Overlapping records collapsed","number_subjects",NA,"count","integer","4266","reason_id","3"
7,"CPRD Gold 100k","cohort_name","major_non_cardiac_surgery","reason","Overlapping records collapsed","excluded_records",NA,"count","integer","971","reason_id","3"
7,"CPRD Gold 100k","cohort_name","major_non_cardiac_surgery","reason","Overlapping records collapsed","excluded_subjects",NA,"count","integer","0","reason_id","3"
8,"CPRD Gold 100k","cohort_name","neutrophil_absolute_count","reason","Initial qualifying events","number_records",NA,"count","integer","236363","reason_id","1"
8,"CPRD Gold 100k","cohort_name","neutrophil_absolute_count","reason","Initial qualifying events","number_subjects",NA,"count","integer","41601","reason_id","1"
8,"CPRD Gold 100k","cohort_name","neutrophil_absolute_count","reason","Initial qualifying events","excluded_records",NA,"count","integer","0","reason_id","1"
8,"CPRD Gold 100k","cohort_name","neutrophil_absolute_count","reason","Initial qualifying events","excluded_subjects",NA,"count","integer","0","reason_id","1"
8,"CPRD Gold 100k","cohort_name","neutrophil_absolute_count","reason","cohort requirements","number_records",NA,"count","integer","236363","reason_id","2"
8,"CPRD Gold 100k","cohort_name","neutrophil_absolute_count","reason","cohort requirements","number_subjects",NA,"count","integer","41601","reason_id","2"
8,"CPRD Gold 100k","cohort_name","neutrophil_absolute_count","reason","cohort requirements","excluded_records",NA,"count","integer","0","reason_id","2"
8,"CPRD Gold 100k","cohort_name","neutrophil_absolute_count","reason","cohort requirements","excluded_subjects",NA,"count","integer","0","reason_id","2"
8,"CPRD Gold 100k","cohort_name","neutrophil_absolute_count","reason","Overlapping records collapsed","number_records",NA,"count","integer","219374","reason_id","3"
8,"CPRD Gold 100k","cohort_name","neutrophil_absolute_count","reason","Overlapping records collapsed","number_subjects",NA,"count","integer","41601","reason_id","3"
8,"CPRD Gold 100k","cohort_name","neutrophil_absolute_count","reason","Overlapping records collapsed","excluded_records",NA,"count","integer","16989","reason_id","3"
8,"CPRD Gold 100k","cohort_name","neutrophil_absolute_count","reason","Overlapping records collapsed","excluded_subjects",NA,"count","integer","0","reason_id","3"
9,"CPRD Gold 100k","cohort_name","essential_hypertension","overall","overall","number_records",NA,"count","integer","14157","overall","overall"
9,"CPRD Gold 100k","cohort_name","essential_hypertension","overall","overall","number_subjects",NA,"count","integer","7974","overall","overall"
10,"CPRD Gold 100k","cohort_name","howoften_beta_blockers","overall","overall","number_records",NA,"count","integer","252617","overall","overall"
10,"CPRD Gold 100k","cohort_name","howoften_beta_blockers","overall","overall","number_subjects",NA,"count","integer","11811","overall","overall"
11,"CPRD Gold 100k","cohort_name","major_non_cardiac_surgery","overall","overall","number_records",NA,"count","integer","5685","overall","overall"
11,"CPRD Gold 100k","cohort_name","major_non_cardiac_surgery","overall","overall","number_subjects",NA,"count","integer","4266","overall","overall"
12,"CPRD Gold 100k","cohort_name","neutrophil_absolute_count","overall","overall","number_records",NA,"count","integer","219374","overall","overall"
12,"CPRD Gold 100k","cohort_name","neutrophil_absolute_count","overall","overall","number_subjects",NA,"count","integer","41601","overall","overall"
13,"CPRD Gold 100k","cohort_name","essential_hypertension","reason","Initial qualifying events","number_records",NA,"count","integer","15009","reason_id","1"
13,"CPRD Gold 100k","cohort_name","essential_hypertension","reason","Initial qualifying events","number_subjects",NA,"count","integer","7974","reason_id","1"
13,"CPRD Gold 100k","cohort_name","essential_hypertension","reason","Initial qualifying events","excluded_records",NA,"count","integer","0","reason_id","1"
13,"CPRD Gold 100k","cohort_name","essential_hypertension","reason","Initial qualifying events","excluded_subjects",NA,"count","integer","0","reason_id","1"
13,"CPRD Gold 100k","cohort_name","essential_hypertension","reason","cohort requirements","number_records",NA,"count","integer","15009","reason_id","2"
13,"CPRD Gold 100k","cohort_name","essential_hypertension","reason","cohort requirements","number_subjects",NA,"count","integer","7974","reason_id","2"
13,"CPRD Gold 100k","cohort_name","essential_hypertension","reason","cohort requirements","excluded_records",NA,"count","integer","0","reason_id","2"
13,"CPRD Gold 100k","cohort_name","essential_hypertension","reason","cohort requirements","excluded_subjects",NA,"count","integer","0","reason_id","2"
13,"CPRD Gold 100k","cohort_name","essential_hypertension","reason","Overlapping records collapsed","number_records",NA,"count","integer","14157","reason_id","3"
13,"CPRD Gold 100k","cohort_name","essential_hypertension","reason","Overlapping records collapsed","number_subjects",NA,"count","integer","7974","reason_id","3"
13,"CPRD Gold 100k","cohort_name","essential_hypertension","reason","Overlapping records collapsed","excluded_records",NA,"count","integer","852","reason_id","3"
13,"CPRD Gold 100k","cohort_name","essential_hypertension","reason","Overlapping records collapsed","excluded_subjects",NA,"count","integer","0","reason_id","3"
14,"CPRD Gold 100k","cohort_name","howoften_beta_blockers","reason","Initial qualifying events","number_records",NA,"count","integer","414618","reason_id","1"
14,"CPRD Gold 100k","cohort_name","howoften_beta_blockers","reason","Initial qualifying events","number_subjects",NA,"count","integer","11811","reason_id","1"
14,"CPRD Gold 100k","cohort_name","howoften_beta_blockers","reason","Initial qualifying events","excluded_records",NA,"count","integer","0","reason_id","1"
14,"CPRD Gold 100k","cohort_name","howoften_beta_blockers","reason","Initial qualifying events","excluded_subjects",NA,"count","integer","0","reason_id","1"
14,"CPRD Gold 100k","cohort_name","howoften_beta_blockers","reason","cohort requirements","number_records",NA,"count","integer","414618","reason_id","2"
14,"CPRD Gold 100k","cohort_name","howoften_beta_blockers","reason","cohort requirements","number_subjects",NA,"count","integer","11811","reason_id","2"
14,"CPRD Gold 100k","cohort_name","howoften_beta_blockers","reason","cohort requirements","excluded_records",NA,"count","integer","0","reason_id","2"
14,"CPRD Gold 100k","cohort_name","howoften_beta_blockers","reason","cohort requirements","excluded_subjects",NA,"count","integer","0","reason_id","2"
14,"CPRD Gold 100k","cohort_name","howoften_beta_blockers","reason","Overlapping records collapsed","number_records",NA,"count","integer","252617","reason_id","3"
14,"CPRD Gold 100k","cohort_name","howoften_beta_blockers","reason","Overlapping records collapsed","number_subjects",NA,"count","integer","11811","reason_id","3"
14,"CPRD Gold 100k","cohort_name","howoften_beta_blockers","reason","Overlapping records collapsed","excluded_records",NA,"count","integer","162001","reason_id","3"
14,"CPRD Gold 100k","cohort_name","howoften_beta_blockers","reason","Overlapping records collapsed","excluded_subjects",NA,"count","integer","0","reason_id","3"
15,"CPRD Gold 100k","cohort_name","major_non_cardiac_surgery","reason","Initial qualifying events","number_records",NA,"count","integer","6656","reason_id","1"
15,"CPRD Gold 100k","cohort_name","major_non_cardiac_surgery","reason","Initial qualifying events","number_subjects",NA,"count","integer","4266","reason_id","1"
15,"CPRD Gold 100k","cohort_name","major_non_cardiac_surgery","reason","Initial qualifying events","excluded_records",NA,"count","integer","0","reason_id","1"
15,"CPRD Gold 100k","cohort_name","major_non_cardiac_surgery","reason","Initial qualifying events","excluded_subjects",NA,"count","integer","0","reason_id","1"
15,"CPRD Gold 100k","cohort_name","major_non_cardiac_surgery","reason","cohort requirements","number_records",NA,"count","integer","6656","reason_id","2"
15,"CPRD Gold 100k","cohort_name","major_non_cardiac_surgery","reason","cohort requirements","number_subjects",NA,"count","integer","4266","reason_id","2"
15,"CPRD Gold 100k","cohort_name","major_non_cardiac_surgery","reason","cohort requirements","excluded_records",NA,"count","integer","0","reason_id","2"
15,"CPRD Gold 100k","cohort_name","major_non_cardiac_surgery","reason","cohort requirements","excluded_subjects",NA,"count","integer","0","reason_id","2"
15,"CPRD Gold 100k","cohort_name","major_non_cardiac_surgery","reason","Overlapping records collapsed","number_records",NA,"count","integer","5685","reason_id","3"
15,"CPRD Gold 100k","cohort_name","major_non_cardiac_surgery","reason","Overlapping records collapsed","number_subjects",NA,"count","integer","4266","reason_id","3"
15,"CPRD Gold 100k","cohort_name","major_non_cardiac_surgery","reason","Overlapping records collapsed","excluded_records",NA,"count","integer","971","reason_id","3"
15,"CPRD Gold 100k","cohort_name","major_non_cardiac_surgery","reason","Overlapping records collapsed","excluded_subjects",NA,"count","integer","0","reason_id","3"
16,"CPRD Gold 100k","cohort_name","neutrophil_absolute_count","reason","Initial qualifying events","number_records",NA,"count","integer","236363","reason_id","1"
16,"CPRD Gold 100k","cohort_name","neutrophil_absolute_count","reason","Initial qualifying events","number_subjects",NA,"count","integer","41601","reason_id","1"
16,"CPRD Gold 100k","cohort_name","neutrophil_absolute_count","reason","Initial qualifying events","excluded_records",NA,"count","integer","0","reason_id","1"
16,"CPRD Gold 100k","cohort_name","neutrophil_absolute_count","reason","Initial qualifying events","excluded_subjects",NA,"count","integer","0","reason_id","1"
16,"CPRD Gold 100k","cohort_name","neutrophil_absolute_count","reason","cohort requirements","number_records",NA,"count","integer","236363","reason_id","2"
16,"CPRD Gold 100k","cohort_name","neutrophil_absolute_count","reason","cohort requirements","number_subjects",NA,"count","integer","41601","reason_id","2"
16,"CPRD Gold 100k","cohort_name","neutrophil_absolute_count","reason","cohort requirements","excluded_records",NA,"count","integer","0","reason_id","2"
16,"CPRD Gold 100k","cohort_name","neutrophil_absolute_count","reason","cohort requirements","excluded_subjects",NA,"count","integer","0","reason_id","2"
16,"CPRD Gold 100k","cohort_name","neutrophil_absolute_count","reason","Overlapping records collapsed","number_records",NA,"count","integer","219374","reason_id","3"
16,"CPRD Gold 100k","cohort_name","neutrophil_absolute_count","reason","Overlapping records collapsed","number_subjects",NA,"count","integer","41601","reason_id","3"
16,"CPRD Gold 100k","cohort_name","neutrophil_absolute_count","reason","Overlapping records collapsed","excluded_records",NA,"count","integer","16989","reason_id","3"
16,"CPRD Gold 100k","cohort_name","neutrophil_absolute_count","reason","Overlapping records collapsed","excluded_subjects",NA,"count","integer","0","reason_id","3"
1,NA,"overall","overall","overall","overall","settings",NA,"cohort_definition_id","integer","1","overall","overall"
1,NA,"overall","overall","overall","overall","settings",NA,"cohort_name","character","essential_hypertension","overall","overall"
1,NA,"overall","overall","overall","overall","settings",NA,"cdm_version","character","5.3","overall","overall"
1,NA,"overall","overall","overall","overall","settings",NA,"vocabulary_version","character","v5.0 31-AUG-23","overall","overall"
1,NA,"overall","overall","overall","overall","settings",NA,"table_name","character","index_4","overall","overall"
1,NA,"overall","overall","overall","overall","settings",NA,"result_type","character","cohort_count","overall","overall"
1,NA,"overall","overall","overall","overall","settings",NA,"package_name","character","omopgenerics","overall","overall"
1,NA,"overall","overall","overall","overall","settings",NA,"package_version","character","0.3.0","overall","overall"
1,NA,"overall","overall","overall","overall","settings",NA,"min_cell_count","integer","5","overall","overall"
2,NA,"overall","overall","overall","overall","settings",NA,"cohort_definition_id","integer","2","overall","overall"
2,NA,"overall","overall","overall","overall","settings",NA,"cohort_name","character","howoften_beta_blockers","overall","overall"
2,NA,"overall","overall","overall","overall","settings",NA,"cdm_version","character","5.3","overall","overall"
2,NA,"overall","overall","overall","overall","settings",NA,"vocabulary_version","character","v5.0 31-AUG-23","overall","overall"
2,NA,"overall","overall","overall","overall","settings",NA,"table_name","character","index_4","overall","overall"
2,NA,"overall","overall","overall","overall","settings",NA,"result_type","character","cohort_count","overall","overall"
2,NA,"overall","overall","overall","overall","settings",NA,"package_name","character","omopgenerics","overall","overall"
2,NA,"overall","overall","overall","overall","settings",NA,"package_version","character","0.3.0","overall","overall"
2,NA,"overall","overall","overall","overall","settings",NA,"min_cell_count","integer","5","overall","overall"
3,NA,"overall","overall","overall","overall","settings",NA,"cohort_definition_id","integer","3","overall","overall"
3,NA,"overall","overall","overall","overall","settings",NA,"cohort_name","character","major_non_cardiac_surgery","overall","overall"
3,NA,"overall","overall","overall","overall","settings",NA,"cdm_version","character","5.3","overall","overall"
3,NA,"overall","overall","overall","overall","settings",NA,"vocabulary_version","character","v5.0 31-AUG-23","overall","overall"
3,NA,"overall","overall","overall","overall","settings",NA,"table_name","character","index_4","overall","overall"
3,NA,"overall","overall","overall","overall","settings",NA,"result_type","character","cohort_count","overall","overall"
3,NA,"overall","overall","overall","overall","settings",NA,"package_name","character","omopgenerics","overall","overall"
3,NA,"overall","overall","overall","overall","settings",NA,"package_version","character","0.3.0","overall","overall"
3,NA,"overall","overall","overall","overall","settings",NA,"min_cell_count","integer","5","overall","overall"
4,NA,"overall","overall","overall","overall","settings",NA,"cohort_definition_id","integer","4","overall","overall"
4,NA,"overall","overall","overall","overall","settings",NA,"cohort_name","character","neutrophil_absolute_count","overall","overall"
4,NA,"overall","overall","overall","overall","settings",NA,"cdm_version","character","5.3","overall","overall"
4,NA,"overall","overall","overall","overall","settings",NA,"vocabulary_version","character","v5.0 31-AUG-23","overall","overall"
4,NA,"overall","overall","overall","overall","settings",NA,"table_name","character","index_4","overall","overall"
4,NA,"overall","overall","overall","overall","settings",NA,"result_type","character","cohort_count","overall","overall"
4,NA,"overall","overall","overall","overall","settings",NA,"package_name","character","omopgenerics","overall","overall"
4,NA,"overall","overall","overall","overall","settings",NA,"package_version","character","0.3.0","overall","overall"
4,NA,"overall","overall","overall","overall","settings",NA,"min_cell_count","integer","5","overall","overall"
5,NA,"overall","overall","overall","overall","settings",NA,"cohort_definition_id","integer","1","overall","overall"
5,NA,"overall","overall","overall","overall","settings",NA,"cohort_name","character","essential_hypertension","overall","overall"
5,NA,"overall","overall","overall","overall","settings",NA,"cdm_version","character","5.3","overall","overall"
5,NA,"overall","overall","overall","overall","settings",NA,"vocabulary_version","character","v5.0 31-AUG-23","overall","overall"
5,NA,"overall","overall","overall","overall","settings",NA,"table_name","character","index_4","overall","overall"
5,NA,"overall","overall","overall","overall","settings",NA,"result_type","character","cohort_attrition","overall","overall"
5,NA,"overall","overall","overall","overall","settings",NA,"package_name","character","omopgenerics","overall","overall"
5,NA,"overall","overall","overall","overall","settings",NA,"package_version","character","0.3.0","overall","overall"
5,NA,"overall","overall","overall","overall","settings",NA,"min_cell_count","integer","5","overall","overall"
6,NA,"overall","overall","overall","overall","settings",NA,"cohort_definition_id","integer","2","overall","overall"
6,NA,"overall","overall","overall","overall","settings",NA,"cohort_name","character","howoften_beta_blockers","overall","overall"
6,NA,"overall","overall","overall","overall","settings",NA,"cdm_version","character","5.3","overall","overall"
6,NA,"overall","overall","overall","overall","settings",NA,"vocabulary_version","character","v5.0 31-AUG-23","overall","overall"
6,NA,"overall","overall","overall","overall","settings",NA,"table_name","character","index_4","overall","overall"
6,NA,"overall","overall","overall","overall","settings",NA,"result_type","character","cohort_attrition","overall","overall"
6,NA,"overall","overall","overall","overall","settings",NA,"package_name","character","omopgenerics","overall","overall"
6,NA,"overall","overall","overall","overall","settings",NA,"package_version","character","0.3.0","overall","overall"
6,NA,"overall","overall","overall","overall","settings",NA,"min_cell_count","integer","5","overall","overall"
7,NA,"overall","overall","overall","overall","settings",NA,"cohort_definition_id","integer","3","overall","overall"
7,NA,"overall","overall","overall","overall","settings",NA,"cohort_name","character","major_non_cardiac_surgery","overall","overall"
7,NA,"overall","overall","overall","overall","settings",NA,"cdm_version","character","5.3","overall","overall"
7,NA,"overall","overall","overall","overall","settings",NA,"vocabulary_version","character","v5.0 31-AUG-23","overall","overall"
7,NA,"overall","overall","overall","overall","settings",NA,"table_name","character","index_4","overall","overall"
7,NA,"overall","overall","overall","overall","settings",NA,"result_type","character","cohort_attrition","overall","overall"
7,NA,"overall","overall","overall","overall","settings",NA,"package_name","character","omopgenerics","overall","overall"
7,NA,"overall","overall","overall","overall","settings",NA,"package_version","character","0.3.0","overall","overall"
7,NA,"overall","overall","overall","overall","settings",NA,"min_cell_count","integer","5","overall","overall"
8,NA,"overall","overall","overall","overall","settings",NA,"cohort_definition_id","integer","4","overall","overall"
8,NA,"overall","overall","overall","overall","settings",NA,"cohort_name","character","neutrophil_absolute_count","overall","overall"
8,NA,"overall","overall","overall","overall","settings",NA,"cdm_version","character","5.3","overall","overall"
8,NA,"overall","overall","overall","overall","settings",NA,"vocabulary_version","character","v5.0 31-AUG-23","overall","overall"
8,NA,"overall","overall","overall","overall","settings",NA,"table_name","character","index_4","overall","overall"
8,NA,"overall","overall","overall","overall","settings",NA,"result_type","character","cohort_attrition","overall","overall"
8,NA,"overall","overall","overall","overall","settings",NA,"package_name","character","omopgenerics","overall","overall"
8,NA,"overall","overall","overall","overall","settings",NA,"package_version","character","0.3.0","overall","overall"
8,NA,"overall","overall","overall","overall","settings",NA,"min_cell_count","integer","5","overall","overall"
9,NA,"overall","overall","overall","overall","settings",NA,"cohort_definition_id","integer","1","overall","overall"
9,NA,"overall","overall","overall","overall","settings",NA,"cohort_name","character","essential_hypertension","overall","overall"
9,NA,"overall","overall","overall","overall","settings",NA,"cdm_version","character","5.3","overall","overall"
9,NA,"overall","overall","overall","overall","settings",NA,"vocabulary_version","character","v5.0 31-AUG-23","overall","overall"
9,NA,"overall","overall","overall","overall","settings",NA,"table_name","character","no_index_4","overall","overall"
9,NA,"overall","overall","overall","overall","settings",NA,"result_type","character","cohort_count","overall","overall"
9,NA,"overall","overall","overall","overall","settings",NA,"package_name","character","omopgenerics","overall","overall"
9,NA,"overall","overall","overall","overall","settings",NA,"package_version","character","0.3.0","overall","overall"
9,NA,"overall","overall","overall","overall","settings",NA,"min_cell_count","integer","5","overall","overall"
10,NA,"overall","overall","overall","overall","settings",NA,"cohort_definition_id","integer","2","overall","overall"
10,NA,"overall","overall","overall","overall","settings",NA,"cohort_name","character","howoften_beta_blockers","overall","overall"
10,NA,"overall","overall","overall","overall","settings",NA,"cdm_version","character","5.3","overall","overall"
10,NA,"overall","overall","overall","overall","settings",NA,"vocabulary_version","character","v5.0 31-AUG-23","overall","overall"
10,NA,"overall","overall","overall","overall","settings",NA,"table_name","character","no_index_4","overall","overall"
10,NA,"overall","overall","overall","overall","settings",NA,"result_type","character","cohort_count","overall","overall"
10,NA,"overall","overall","overall","overall","settings",NA,"package_name","character","omopgenerics","overall","overall"
10,NA,"overall","overall","overall","overall","settings",NA,"package_version","character","0.3.0","overall","overall"
10,NA,"overall","overall","overall","overall","settings",NA,"min_cell_count","integer","5","overall","overall"
11,NA,"overall","overall","overall","overall","settings",NA,"cohort_definition_id","integer","3","overall","overall"
11,NA,"overall","overall","overall","overall","settings",NA,"cohort_name","character","major_non_cardiac_surgery","overall","overall"
11,NA,"overall","overall","overall","overall","settings",NA,"cdm_version","character","5.3","overall","overall"
11,NA,"overall","overall","overall","overall","settings",NA,"vocabulary_version","character","v5.0 31-AUG-23","overall","overall"
11,NA,"overall","overall","overall","overall","settings",NA,"table_name","character","no_index_4","overall","overall"
11,NA,"overall","overall","overall","overall","settings",NA,"result_type","character","cohort_count","overall","overall"
11,NA,"overall","overall","overall","overall","settings",NA,"package_name","character","omopgenerics","overall","overall"
11,NA,"overall","overall","overall","overall","settings",NA,"package_version","character","0.3.0","overall","overall"
11,NA,"overall","overall","overall","overall","settings",NA,"min_cell_count","integer","5","overall","overall"
12,NA,"overall","overall","overall","overall","settings",NA,"cohort_definition_id","integer","4","overall","overall"
12,NA,"overall","overall","overall","overall","settings",NA,"cohort_name","character","neutrophil_absolute_count","overall","overall"
12,NA,"overall","overall","overall","overall","settings",NA,"cdm_version","character","5.3","overall","overall"
12,NA,"overall","overall","overall","overall","settings",NA,"vocabulary_version","character","v5.0 31-AUG-23","overall","overall"
12,NA,"overall","overall","overall","overall","settings",NA,"table_name","character","no_index_4","overall","overall"
12,NA,"overall","overall","overall","overall","settings",NA,"result_type","character","cohort_count","overall","overall"
12,NA,"overall","overall","overall","overall","settings",NA,"package_name","character","omopgenerics","overall","overall"
12,NA,"overall","overall","overall","overall","settings",NA,"package_version","character","0.3.0","overall","overall"
12,NA,"overall","overall","overall","overall","settings",NA,"min_cell_count","integer","5","overall","overall"
13,NA,"overall","overall","overall","overall","settings",NA,"cohort_definition_id","integer","1","overall","overall"
13,NA,"overall","overall","overall","overall","settings",NA,"cohort_name","character","essential_hypertension","overall","overall"
13,NA,"overall","overall","overall","overall","settings",NA,"cdm_version","character","5.3","overall","overall"
13,NA,"overall","overall","overall","overall","settings",NA,"vocabulary_version","character","v5.0 31-AUG-23","overall","overall"
13,NA,"overall","overall","overall","overall","settings",NA,"table_name","character","no_index_4","overall","overall"
13,NA,"overall","overall","overall","overall","settings",NA,"result_type","character","cohort_attrition","overall","overall"
13,NA,"overall","overall","overall","overall","settings",NA,"package_name","character","omopgenerics","overall","overall"
13,NA,"overall","overall","overall","overall","settings",NA,"package_version","character","0.3.0","overall","overall"
13,NA,"overall","overall","overall","overall","settings",NA,"min_cell_count","integer","5","overall","overall"
14,NA,"overall","overall","overall","overall","settings",NA,"cohort_definition_id","integer","2","overall","overall"
14,NA,"overall","overall","overall","overall","settings",NA,"cohort_name","character","howoften_beta_blockers","overall","overall"
14,NA,"overall","overall","overall","overall","settings",NA,"cdm_version","character","5.3","overall","overall"
14,NA,"overall","overall","overall","overall","settings",NA,"vocabulary_version","character","v5.0 31-AUG-23","overall","overall"
14,NA,"overall","overall","overall","overall","settings",NA,"table_name","character","no_index_4","overall","overall"
14,NA,"overall","overall","overall","overall","settings",NA,"result_type","character","cohort_attrition","overall","overall"
14,NA,"overall","overall","overall","overall","settings",NA,"package_name","character","omopgenerics","overall","overall"
14,NA,"overall","overall","overall","overall","settings",NA,"package_version","character","0.3.0","overall","overall"
14,NA,"overall","overall","overall","overall","settings",NA,"min_cell_count","integer","5","overall","overall"
15,NA,"overall","overall","overall","overall","settings",NA,"cohort_definition_id","integer","3","overall","overall"
15,NA,"overall","overall","overall","overall","settings",NA,"cohort_name","character","major_non_cardiac_surgery","overall","overall"
15,NA,"overall","overall","overall","overall","settings",NA,"cdm_version","character","5.3","overall","overall"
15,NA,"overall","overall","overall","overall","settings",NA,"vocabulary_version","character","v5.0 31-AUG-23","overall","overall"
15,NA,"overall","overall","overall","overall","settings",NA,"table_name","character","no_index_4","overall","overall"
15,NA,"overall","overall","overall","overall","settings",NA,"result_type","character","cohort_attrition","overall","overall"
15,NA,"overall","overall","overall","overall","settings",NA,"package_name","character","omopgenerics","overall","overall"
15,NA,"overall","overall","overall","overall","settings",NA,"package_version","character","0.3.0","overall","overall"
15,NA,"overall","overall","overall","overall","settings",NA,"min_cell_count","integer","5","overall","overall"
16,NA,"overall","overall","overall","overall","settings",NA,"cohort_definition_id","integer","4","overall","overall"
16,NA,"overall","overall","overall","overall","settings",NA,"cohort_name","character","neutrophil_absolute_count","overall","overall"
16,NA,"overall","overall","overall","overall","settings",NA,"cdm_version","character","5.3","overall","overall"
16,NA,"overall","overall","overall","overall","settings",NA,"vocabulary_version","character","v5.0 31-AUG-23","overall","overall"
16,NA,"overall","overall","overall","overall","settings",NA,"table_name","character","no_index_4","overall","overall"
16,NA,"overall","overall","overall","overall","settings",NA,"result_type","character","cohort_attrition","overall","overall"
16,NA,"overall","overall","overall","overall","settings",NA,"package_name","character","omopgenerics","overall","overall"
16,NA,"overall","overall","overall","overall","settings",NA,"package_version","character","0.3.0","overall","overall"
16,NA,"overall","overall","overall","overall","settings",NA,"min_cell_count","integer","5","overall","overall"
