tic,toc,msg,callback_msg,cdm_name,package_version
149.04,189.56,No index: drug domain,No index: drug domain: 40.52 sec elapsed,CPRD Gold 100k,0.2.2
189.56,232.84,No index: drug and condition domains,No index: drug and condition domains: 43.28 sec elapsed,CPRD Gold 100k,0.2.2
232.84,275.73,"No index: drug, condition, procedure domains","No index: drug, condition, procedure domains: 42.89 sec elapsed",CPRD Gold 100k,0.2.2
275.73,334.29,"No index: drug, condition, procedure and measurement domains","No index: drug, condition, procedure and measurement domains: 58.56 sec elapsed",CPRD Gold 100k,0.2.2
334.29,375.93,Index: drug domain,Index: drug domain: 41.64 sec elapsed,CPRD Gold 100k,0.2.2
375.93,420.54,Index: drug and condition domains,Index: drug and condition domains: 44.61 sec elapsed,CPRD Gold 100k,0.2.2
420.54,469.07,"Index: drug, condition, procedure domains","Index: drug, condition, procedure domains: 48.53 sec elapsed",CPRD Gold 100k,0.2.2
469.07,528.09,"Index: drug, condition, procedure and measurement domains","Index: drug, condition, procedure and measurement domains: 59.02 sec elapsed",CPRD Gold 100k,0.2.2
